ticker,sector,horizon_days,prediction_date,model,feature_profile,selected_feature_count_for_latest,threshold,latest_outperformance_probability,latest_predicts_outperformance_gt_1pct,test_accuracy,test_balanced_accuracy,test_auc,test_acc_auc_balanced_score,latest_selected_features,active_forward_return_if_known,action_signal,signal_edge,quality_score,quality_adjusted_edge_score,signal_basis
XLB,Materials,21,2025-10-01,challenger_logistic_price_relative,price_relative_strength_risk_calendar,36,0.2817124334652453,0.2696701434850519,0,0.42063492063492064,0.5491525423728814,0.46320150659133713,0.5061770244821092,sec_daily_return|spy_daily_return|active_daily_return|sector_spy_close_ratio|rsi_14|macd_histogram|calendar_month_sin|calendar_month_cos|sec_return_5d|spy_return_5d|active_return_5d|ratio_return_5d|sec_return_10d|spy_return_10d|active_return_10d|ratio_return_10d|sec_return_21d|spy_return_21d|active_return_21d|ratio_return_21d|sec_return_63d|spy_return_63d|active_return_63d|ratio_return_63d|sec_return_126d|spy_return_126d|active_return_126d|ratio_return_126d|sec_vol_20d|spy_vol_20d|rel_vol_20d|active_mean_20d|sec_vol_63d|spy_vol_63d|rel_vol_63d|active_mean_63d,-0.04532850499015073,WATCH,-0.01204228998019341,0.5061770244821092,0.0,BUY means the model predicts >1% 21-trading-day active return versus SPY. It is not an absolute positive-return guarantee.
XLE,Energy,21,2025-10-01,challenger_logistic_price_relative,price_relative_strength_risk_calendar,36,0.361242756379991,0.49483422215161615,1,0.36904761904761907,0.5208333333333334,0.22534013605442174,0.37308673469387754,sec_daily_return|spy_daily_return|active_daily_return|sector_spy_close_ratio|rsi_14|macd_histogram|calendar_month_sin|calendar_month_cos|sec_return_5d|spy_return_5d|active_return_5d|ratio_return_5d|sec_return_10d|spy_return_10d|active_return_10d|ratio_return_10d|sec_return_21d|spy_return_21d|active_return_21d|ratio_return_21d|sec_return_63d|spy_return_63d|active_return_63d|ratio_return_63d|sec_return_126d|spy_return_126d|active_return_126d|ratio_return_126d|sec_vol_20d|spy_vol_20d|rel_vol_20d|active_mean_20d|sec_vol_63d|spy_vol_63d|rel_vol_63d|active_mean_63d,-0.03773186022856678,BUY,0.13359146577162517,0.37308673469387754,0.049841203747704545,BUY means the model predicts >1% 21-trading-day active return versus SPY. It is not an absolute positive-return guarantee.
XLF,Financials,21,2025-10-01,challenger_logistic_price_relative,price_relative_strength_risk_calendar,36,0.8054260119335801,0.8961066155484998,1,0.6111111111111112,0.6091338582677166,0.5801574803149607,0.5946456692913387,sec_daily_return|spy_daily_return|active_daily_return|sector_spy_close_ratio|rsi_14|macd_histogram|calendar_month_sin|calendar_month_cos|sec_return_5d|spy_return_5d|active_return_5d|ratio_return_5d|sec_return_10d|spy_return_10d|active_return_10d|ratio_return_10d|sec_return_21d|spy_return_21d|active_return_21d|ratio_return_21d|sec_return_63d|spy_return_63d|active_return_63d|ratio_return_63d|sec_return_126d|spy_return_126d|active_return_126d|ratio_return_126d|sec_vol_20d|spy_vol_20d|rel_vol_20d|active_mean_20d|sec_vol_63d|spy_vol_63d|rel_vol_63d|active_mean_63d,-0.0387513791074765,BUY,0.0906806036149197,0.5946456692913387,0.05392282822833651,BUY means the model predicts >1% 21-trading-day active return versus SPY. It is not an absolute positive-return guarantee.
XLI,Industrials,21,2025-10-01,challenger_logistic_price_relative,price_relative_strength_risk_calendar,36,0.608868009364962,0.46237911658674596,0,0.6309523809523809,0.6321574803149607,0.6405039370078741,0.6363307086614174,sec_daily_return|spy_daily_return|active_daily_return|sector_spy_close_ratio|rsi_14|macd_histogram|calendar_month_sin|calendar_month_cos|sec_return_5d|spy_return_5d|active_return_5d|ratio_return_5d|sec_return_10d|spy_return_10d|active_return_10d|ratio_return_10d|sec_return_21d|spy_return_21d|active_return_21d|ratio_return_21d|sec_return_63d|spy_return_63d|active_return_63d|ratio_return_63d|sec_return_126d|spy_return_126d|active_return_126d|ratio_return_126d|sec_vol_20d|spy_vol_20d|rel_vol_20d|active_mean_20d|sec_vol_63d|spy_vol_63d|rel_vol_63d|active_mean_63d,-0.011237734626923679,AVOID,-0.14648889277821603,0.6363307086614174,0.0,BUY means the model predicts >1% 21-trading-day active return versus SPY. It is not an absolute positive-return guarantee.
XLK,Information Technology,21,2025-10-01,challenger_logistic_price_relative,price_relative_strength_risk_calendar,36,0.3299434073212388,0.1591268848197719,0,0.6428571428571429,0.6390144521550901,0.6482460049659389,0.6436302285605144,sec_daily_return|spy_daily_return|active_daily_return|sector_spy_close_ratio|rsi_14|macd_histogram|calendar_month_sin|calendar_month_cos|sec_return_5d|spy_return_5d|active_return_5d|ratio_return_5d|sec_return_10d|spy_return_10d|active_return_10d|ratio_return_10d|sec_return_21d|spy_return_21d|active_return_21d|ratio_return_21d|sec_return_63d|spy_return_63d|active_return_63d|ratio_return_63d|sec_return_126d|spy_return_126d|active_return_126d|ratio_return_126d|sec_vol_20d|spy_vol_20d|rel_vol_20d|active_mean_20d|sec_vol_63d|spy_vol_63d|rel_vol_63d|active_mean_63d,0.03838281262112564,AVOID,-0.17081652250146687,0.6436302285605144,0.0,BUY means the model predicts >1% 21-trading-day active return versus SPY. It is not an absolute positive-return guarantee.
XLP,Consumer Staples,21,2025-10-01,challenger_logistic_price_relative,price_relative_strength_risk_calendar,36,0.6095600483962288,0.4277620356670273,0,0.4880952380952381,0.5428388746803069,0.4848145780051151,0.513826726342711,sec_daily_return|spy_daily_return|active_daily_return|sector_spy_close_ratio|rsi_14|macd_histogram|calendar_month_sin|calendar_month_cos|sec_return_5d|spy_return_5d|active_return_5d|ratio_return_5d|sec_return_10d|spy_return_10d|active_return_10d|ratio_return_10d|sec_return_21d|spy_return_21d|active_return_21d|ratio_return_21d|sec_return_63d|spy_return_63d|active_return_63d|ratio_return_63d|sec_return_126d|spy_return_126d|active_return_126d|ratio_return_126d|sec_vol_20d|spy_vol_20d|rel_vol_20d|active_mean_20d|sec_vol_63d|spy_vol_63d|rel_vol_63d|active_mean_63d,-0.03938868381682781,AVOID,-0.18179801272920149,0.513826726342711,0.0,BUY means the model predicts >1% 21-trading-day active return versus SPY. It is not an absolute positive-return guarantee.
XLU,Utilities,21,2025-10-01,challenger_logistic_price_relative,price_relative_strength_risk_calendar,36,0.5447954579143197,0.5594079596316018,1,0.6547619047619048,0.6535748031496063,0.640251968503937,0.6469133858267716,sec_daily_return|spy_daily_return|active_daily_return|sector_spy_close_ratio|rsi_14|macd_histogram|calendar_month_sin|calendar_month_cos|sec_return_5d|spy_return_5d|active_return_5d|ratio_return_5d|sec_return_10d|spy_return_10d|active_return_10d|ratio_return_10d|sec_return_21d|spy_return_21d|active_return_21d|ratio_return_21d|sec_return_63d|spy_return_63d|active_return_63d|ratio_return_63d|sec_return_126d|spy_return_126d|active_return_126d|ratio_return_126d|sec_vol_20d|spy_vol_20d|rel_vol_20d|active_mean_20d|sec_vol_63d|spy_vol_63d|rel_vol_63d|active_mean_63d,0.001942008291493602,BUY,0.014612501717282123,0.6469133858267716,0.009453022961326493,BUY means the model predicts >1% 21-trading-day active return versus SPY. It is not an absolute positive-return guarantee.
XLV,Health Care,21,2025-10-01,challenger_logistic_price_relative,price_relative_strength_risk_calendar,36,0.8624655259035835,0.7349265865173606,0,0.49603174603174605,0.5943736141906873,0.5215493348115299,0.5579614745011086,sec_daily_return|spy_daily_return|active_daily_return|sector_spy_close_ratio|rsi_14|macd_histogram|calendar_month_sin|calendar_month_cos|sec_return_5d|spy_return_5d|active_return_5d|ratio_return_5d|sec_return_10d|spy_return_10d|active_return_10d|ratio_return_10d|sec_return_21d|spy_return_21d|active_return_21d|ratio_return_21d|sec_return_63d|spy_return_63d|active_return_63d|ratio_return_63d|sec_return_126d|spy_return_126d|active_return_126d|ratio_return_126d|sec_vol_20d|spy_vol_20d|rel_vol_20d|active_mean_20d|sec_vol_63d|spy_vol_63d|rel_vol_63d|active_mean_63d,-0.011239272279963242,AVOID,-0.12753893938622285,0.5579614745011086,0.0,BUY means the model predicts >1% 21-trading-day active return versus SPY. It is not an absolute positive-return guarantee.
XLY,Consumer Discretionary,21,2025-10-01,challenger_logistic_price_relative,price_relative_strength_risk_calendar,36,0.5388949016589903,0.2763848276538144,0,0.5873015873015873,0.5894896221058608,0.5601539335057725,0.5748217778058167,sec_daily_return|spy_daily_return|active_daily_return|sector_spy_close_ratio|rsi_14|macd_histogram|calendar_month_sin|calendar_month_cos|sec_return_5d|spy_return_5d|active_return_5d|ratio_return_5d|sec_return_10d|spy_return_10d|active_return_10d|ratio_return_10d|sec_return_21d|spy_return_21d|active_return_21d|ratio_return_21d|sec_return_63d|spy_return_63d|active_return_63d|ratio_return_63d|sec_return_126d|spy_return_126d|active_return_126d|ratio_return_126d|sec_vol_20d|spy_vol_20d|rel_vol_20d|active_mean_20d|sec_vol_63d|spy_vol_63d|rel_vol_63d|active_mean_63d,-0.04767056181347096,AVOID,-0.26251007400517595,0.5748217778058167,0.0,BUY means the model predicts >1% 21-trading-day active return versus SPY. It is not an absolute positive-return guarantee.
XLB,Materials,21,2025-10-30,challenger_logistic_price_relative,price_relative_strength_risk_calendar,36,0.3177944402904783,0.6776905054866587,1,0.4087301587301587,0.5580242966751918,0.48968989769820975,0.5238570971867008,sec_daily_return|spy_daily_return|active_daily_return|sector_spy_close_ratio|rsi_14|macd_histogram|calendar_month_sin|calendar_month_cos|sec_return_5d|spy_return_5d|active_return_5d|ratio_return_5d|sec_return_10d|spy_return_10d|active_return_10d|ratio_return_10d|sec_return_21d|spy_return_21d|active_return_21d|ratio_return_21d|sec_return_63d|spy_return_63d|active_return_63d|ratio_return_63d|sec_return_126d|spy_return_126d|active_return_126d|ratio_return_126d|sec_vol_20d|spy_vol_20d|rel_vol_20d|active_mean_20d|sec_vol_63d|spy_vol_63d|rel_vol_63d|active_mean_63d,0.034283751776317484,BUY,0.35989606519618034,0.5238570971867008,0.18853410800258666,BUY means the model predicts >1% 21-trading-day active return versus SPY. It is not an absolute positive-return guarantee.
XLE,Energy,21,2025-10-30,challenger_logistic_price_relative,price_relative_strength_risk_calendar,36,0.3386559084098559,0.5689825176775358,1,0.43253968253968256,0.5261842105263158,0.3219078947368421,0.42404605263157896,sec_daily_return|spy_daily_return|active_daily_return|sector_spy_close_ratio|rsi_14|macd_histogram|calendar_month_sin|calendar_month_cos|sec_return_5d|spy_return_5d|active_return_5d|ratio_return_5d|sec_return_10d|spy_return_10d|active_return_10d|ratio_return_10d|sec_return_21d|spy_return_21d|active_return_21d|ratio_return_21d|sec_return_63d|spy_return_63d|active_return_63d|ratio_return_63d|sec_return_126d|spy_return_126d|active_return_126d|ratio_return_126d|sec_vol_20d|spy_vol_20d|rel_vol_20d|active_mean_20d|sec_vol_63d|spy_vol_63d|rel_vol_63d|active_mean_63d,0.04312922938617891,BUY,0.23032660926767995,0.42404605263157896,0.09766908947597573,BUY means the model predicts >1% 21-trading-day active return versus SPY. It is not an absolute positive-return guarantee.
XLF,Financials,21,2025-10-30,challenger_logistic_price_relative,price_relative_strength_risk_calendar,36,0.8352783749385,0.785517877314236,0,0.626984126984127,0.6022792385560578,0.5700643025402686,0.5861717705481633,sec_daily_return|spy_daily_return|active_daily_return|sector_spy_close_ratio|rsi_14|macd_histogram|calendar_month_sin|calendar_month_cos|sec_return_5d|spy_return_5d|active_return_5d|ratio_return_5d|sec_return_10d|spy_return_10d|active_return_10d|ratio_return_10d|sec_return_21d|spy_return_21d|active_return_21d|ratio_return_21d|sec_return_63d|spy_return_63d|active_return_63d|ratio_return_63d|sec_return_126d|spy_return_126d|active_return_126d|ratio_return_126d|sec_vol_20d|spy_vol_20d|rel_vol_20d|active_mean_20d|sec_vol_63d|spy_vol_63d|rel_vol_63d|active_mean_63d,0.011989188838630316,WATCH,-0.049760497624264044,0.5861717705481633,0.0,BUY means the model predicts >1% 21-trading-day active return versus SPY. It is not an absolute positive-return guarantee.
XLI,Industrials,21,2025-10-30,challenger_logistic_price_relative,price_relative_strength_risk_calendar,36,0.6269489185836602,0.5649169246753691,0,0.623015873015873,0.6245984251968504,0.6532913385826772,0.6389448818897638,sec_daily_return|spy_daily_return|active_daily_return|sector_spy_close_ratio|rsi_14|macd_histogram|calendar_month_sin|calendar_month_cos|sec_return_5d|spy_return_5d|active_return_5d|ratio_return_5d|sec_return_10d|spy_return_10d|active_return_10d|ratio_return_10d|sec_return_21d|spy_return_21d|active_return_21d|ratio_return_21d|sec_return_63d|spy_return_63d|active_return_63d|ratio_return_63d|sec_return_126d|spy_return_126d|active_return_126d|ratio_return_126d|sec_vol_20d|spy_vol_20d|rel_vol_20d|active_mean_20d|sec_vol_63d|spy_vol_63d|rel_vol_63d|active_mean_63d,-0.021656985330430145,AVOID,-0.06203199390829106,0.6389448818897638,0.0,BUY means the model predicts >1% 21-trading-day active return versus SPY. It is not an absolute positive-return guarantee.
XLK,Information Technology,21,2025-10-30,challenger_logistic_price_relative,price_relative_strength_risk_calendar,36,0.28328345145526757,0.13629889009409532,0,0.6190476190476191,0.6087789917577151,0.640725832215194,0.6247524119864545,sec_daily_return|spy_daily_return|active_daily_return|sector_spy_close_ratio|rsi_14|macd_histogram|calendar_month_sin|calendar_month_cos|sec_return_5d|spy_return_5d|active_return_5d|ratio_return_5d|sec_return_10d|spy_return_10d|active_return_10d|ratio_return_10d|sec_return_21d|spy_return_21d|active_return_21d|ratio_return_21d|sec_return_63d|spy_return_63d|active_return_63d|ratio_return_63d|sec_return_126d|spy_return_126d|active_return_126d|ratio_return_126d|sec_vol_20d|spy_vol_20d|rel_vol_20d|active_mean_20d|sec_vol_63d|spy_vol_63d|rel_vol_63d|active_mean_63d,-0.047386489359796724,AVOID,-0.14698456136117224,0.6247524119864545,0.0,BUY means the model predicts >1% 21-trading-day active return versus SPY. It is not an absolute positive-return guarantee.
XLP,Consumer Staples,21,2025-10-30,challenger_logistic_price_relative,price_relative_strength_risk_calendar,36,0.6399184618513252,0.2962771021718868,0,0.5634920634920635,0.5895840739424103,0.5347493778883754,0.5621667259153929,sec_daily_return|spy_daily_return|active_daily_return|sector_spy_close_ratio|rsi_14|macd_histogram|calendar_month_sin|calendar_month_cos|sec_return_5d|spy_return_5d|active_return_5d|ratio_return_5d|sec_return_10d|spy_return_10d|active_return_10d|ratio_return_10d|sec_return_21d|spy_return_21d|active_return_21d|ratio_return_21d|sec_return_63d|spy_return_63d|active_return_63d|ratio_return_63d|sec_return_126d|spy_return_126d|active_return_126d|ratio_return_126d|sec_vol_20d|spy_vol_20d|rel_vol_20d|active_mean_20d|sec_vol_63d|spy_vol_63d|rel_vol_63d|active_mean_63d,0.03582337599935426,AVOID,-0.3436413596794384,0.5621667259153929,0.0,BUY means the model predicts >1% 21-trading-day active return versus SPY. It is not an absolute positive-return guarantee.
XLU,Utilities,21,2025-10-30,challenger_logistic_price_relative,price_relative_strength_risk_calendar,36,0.5987370171465826,0.4066396854973523,0,0.6428571428571429,0.6497739861208378,0.6486916661361177,0.6492328261284778,sec_daily_return|spy_daily_return|active_daily_return|sector_spy_close_ratio|rsi_14|macd_histogram|calendar_month_sin|calendar_month_cos|sec_return_5d|spy_return_5d|active_return_5d|ratio_return_5d|sec_return_10d|spy_return_10d|active_return_10d|ratio_return_10d|sec_return_21d|spy_return_21d|active_return_21d|ratio_return_21d|sec_return_63d|spy_return_63d|active_return_63d|ratio_return_63d|sec_return_126d|spy_return_126d|active_return_126d|ratio_return_126d|sec_vol_20d|spy_vol_20d|rel_vol_20d|active_mean_20d|sec_vol_63d|spy_vol_63d|rel_vol_63d|active_mean_63d,-0.01413361595584417,AVOID,-0.19209733164923026,0.6492328261284778,0.0,BUY means the model predicts >1% 21-trading-day active return versus SPY. It is not an absolute positive-return guarantee.
XLV,Health Care,21,2025-10-30,challenger_logistic_price_relative,price_relative_strength_risk_calendar,36,0.8719489276876998,0.6919369094261074,0,0.5476190476190477,0.616158229969829,0.5287965135769359,0.5724773717733824,sec_daily_return|spy_daily_return|active_daily_return|sector_spy_close_ratio|rsi_14|macd_histogram|calendar_month_sin|calendar_month_cos|sec_return_5d|spy_return_5d|active_return_5d|ratio_return_5d|sec_return_10d|spy_return_10d|active_return_10d|ratio_return_10d|sec_return_21d|spy_return_21d|active_return_21d|ratio_return_21d|sec_return_63d|spy_return_63d|active_return_63d|ratio_return_63d|sec_return_126d|spy_return_126d|active_return_126d|ratio_return_126d|sec_vol_20d|spy_vol_20d|rel_vol_20d|active_mean_20d|sec_vol_63d|spy_vol_63d|rel_vol_63d|active_mean_63d,0.07551348267060964,AVOID,-0.1800120182615924,0.5724773717733824,0.0,BUY means the model predicts >1% 21-trading-day active return versus SPY. It is not an absolute positive-return guarantee.
XLY,Consumer Discretionary,21,2025-10-30,challenger_logistic_price_relative,price_relative_strength_risk_calendar,36,0.4902257844348777,0.5184146253463217,1,0.6071428571428571,0.6063508064516129,0.575226814516129,0.590788810483871,sec_daily_return|spy_daily_return|active_daily_return|sector_spy_close_ratio|rsi_14|macd_histogram|calendar_month_sin|calendar_month_cos|sec_return_5d|spy_return_5d|active_return_5d|ratio_return_5d|sec_return_10d|spy_return_10d|active_return_10d|ratio_return_10d|sec_return_21d|spy_return_21d|active_return_21d|ratio_return_21d|sec_return_63d|spy_return_63d|active_return_63d|ratio_return_63d|sec_return_126d|spy_return_126d|active_return_126d|ratio_return_126d|sec_vol_20d|spy_vol_20d|rel_vol_20d|active_mean_20d|sec_vol_63d|spy_vol_63d|rel_vol_63d|active_mean_63d,0.011545315276663137,BUY,0.02818884091144397,0.590788810483871,0.01665365179099106,BUY means the model predicts >1% 21-trading-day active return versus SPY. It is not an absolute positive-return guarantee.
XLB,Materials,21,2025-12-01,challenger_logistic_price_relative,price_relative_strength_risk_calendar,36,0.43750971786377146,0.5150437203700109,1,0.4603174603174603,0.5677922077922077,0.5447866419294991,0.5562894248608534,sec_daily_return|spy_daily_return|active_daily_return|sector_spy_close_ratio|rsi_14|macd_histogram|calendar_month_sin|calendar_month_cos|sec_return_5d|spy_return_5d|active_return_5d|ratio_return_5d|sec_return_10d|spy_return_10d|active_return_10d|ratio_return_10d|sec_return_21d|spy_return_21d|active_return_21d|ratio_return_21d|sec_return_63d|spy_return_63d|active_return_63d|ratio_return_63d|sec_return_126d|spy_return_126d|active_return_126d|ratio_return_126d|sec_vol_20d|spy_vol_20d|rel_vol_20d|active_mean_20d|sec_vol_63d|spy_vol_63d|rel_vol_63d|active_mean_63d,0.014618688992674933,BUY,0.07753400250623943,0.5562894248608534,0.0431313456613559,BUY means the model predicts >1% 21-trading-day active return versus SPY. It is not an absolute positive-return guarantee.
XLE,Energy,21,2025-12-01,challenger_logistic_price_relative,price_relative_strength_risk_calendar,36,0.3530714376281258,0.5354213352737908,1,0.42857142857142855,0.5335550382440971,0.3367475889590954,0.43515131360159626,sec_daily_return|spy_daily_return|active_daily_return|sector_spy_close_ratio|rsi_14|macd_histogram|calendar_month_sin|calendar_month_cos|sec_return_5d|spy_return_5d|active_return_5d|ratio_return_5d|sec_return_10d|spy_return_10d|active_return_10d|ratio_return_10d|sec_return_21d|spy_return_21d|active_return_21d|ratio_return_21d|sec_return_63d|spy_return_63d|active_return_63d|ratio_return_63d|sec_return_126d|spy_return_126d|active_return_126d|ratio_return_126d|sec_vol_20d|spy_vol_20d|rel_vol_20d|active_mean_20d|sec_vol_63d|spy_vol_63d|rel_vol_63d|active_mean_63d,-0.023231427468959343,BUY,0.18234989764566495,0.43515131360159626,0.07934979749562773,BUY means the model predicts >1% 21-trading-day active return versus SPY. It is not an absolute positive-return guarantee.
XLF,Financials,21,2025-12-01,challenger_logistic_price_relative,price_relative_strength_risk_calendar,36,0.8292377667705241,0.6842146513658799,0,0.6428571428571429,0.6337121212121213,0.6308712121212121,0.6322916666666667,sec_daily_return|spy_daily_return|active_daily_return|sector_spy_close_ratio|rsi_14|macd_histogram|calendar_month_sin|calendar_month_cos|sec_return_5d|spy_return_5d|active_return_5d|ratio_return_5d|sec_return_10d|spy_return_10d|active_return_10d|ratio_return_10d|sec_return_21d|spy_return_21d|active_return_21d|ratio_return_21d|sec_return_63d|spy_return_63d|active_return_63d|ratio_return_63d|sec_return_126d|spy_return_126d|active_return_126d|ratio_return_126d|sec_vol_20d|spy_vol_20d|rel_vol_20d|active_mean_20d|sec_vol_63d|spy_vol_63d|rel_vol_63d|active_mean_63d,0.033120038722753264,AVOID,-0.1450231154046442,0.6322916666666667,0.0,BUY means the model predicts >1% 21-trading-day active return versus SPY. It is not an absolute positive-return guarantee.
XLI,Industrials,21,2025-12-01,challenger_logistic_price_relative,price_relative_strength_risk_calendar,36,0.6574365794562124,0.8113137204680966,1,0.6150793650793651,0.6299145299145299,0.6637543526432416,0.6468344412788858,sec_daily_return|spy_daily_return|active_daily_return|sector_spy_close_ratio|rsi_14|macd_histogram|calendar_month_sin|calendar_month_cos|sec_return_5d|spy_return_5d|active_return_5d|ratio_return_5d|sec_return_10d|spy_return_10d|active_return_10d|ratio_return_10d|sec_return_21d|spy_return_21d|active_return_21d|ratio_return_21d|sec_return_63d|spy_return_63d|active_return_63d|ratio_return_63d|sec_return_126d|spy_return_126d|active_return_126d|ratio_return_126d|sec_vol_20d|spy_vol_20d|rel_vol_20d|active_mean_20d|sec_vol_63d|spy_vol_63d|rel_vol_63d|active_mean_63d,0.021874550454361152,BUY,0.1538771410118842,0.6468344412788858,0.09953303453201444,BUY means the model predicts >1% 21-trading-day active return versus SPY. It is not an absolute positive-return guarantee.
XLK,Information Technology,21,2025-12-01,challenger_logistic_price_relative,price_relative_strength_risk_calendar,36,0.2657959903771937,0.29661923213564,1,0.6547619047619048,0.6426079090204186,0.6535280434220729,0.6480679762212458,sec_daily_return|spy_daily_return|active_daily_return|sector_spy_close_ratio|rsi_14|macd_histogram|calendar_month_sin|calendar_month_cos|sec_return_5d|spy_return_5d|active_return_5d|ratio_return_5d|sec_return_10d|spy_return_10d|active_return_10d|ratio_return_10d|sec_return_21d|spy_return_21d|active_return_21d|ratio_return_21d|sec_return_63d|spy_return_63d|active_return_63d|ratio_return_63d|sec_return_126d|spy_return_126d|active_return_126d|ratio_return_126d|sec_vol_20d|spy_vol_20d|rel_vol_20d|active_mean_20d|sec_vol_63d|spy_vol_63d|rel_vol_63d|active_mean_63d,0.003127178840522493,BUY,0.030823241758446307,0.6480679762212458,0.01997555590697449,BUY means the model predicts >1% 21-trading-day active return versus SPY. It is not an absolute positive-return guarantee.
XLP,Consumer Staples,21,2025-12-01,challenger_logistic_price_relative,price_relative_strength_risk_calendar,36,0.6042742100378485,0.5423571574465711,0,0.5396825396825397,0.581766841468334,0.5251311012505042,0.5534489713594191,sec_daily_return|spy_daily_return|active_daily_return|sector_spy_close_ratio|rsi_14|macd_histogram|calendar_month_sin|calendar_month_cos|sec_return_5d|spy_return_5d|active_return_5d|ratio_return_5d|sec_return_10d|spy_return_10d|active_return_10d|ratio_return_10d|sec_return_21d|spy_return_21d|active_return_21d|ratio_return_21d|sec_return_63d|spy_return_63d|active_return_63d|ratio_return_63d|sec_return_126d|spy_return_126d|active_return_126d|ratio_return_126d|sec_vol_20d|spy_vol_20d|rel_vol_20d|active_mean_20d|sec_vol_63d|spy_vol_63d|rel_vol_63d|active_mean_63d,-0.02273066980697369,AVOID,-0.061917052591277444,0.5534489713594191,0.0,BUY means the model predicts >1% 21-trading-day active return versus SPY. It is not an absolute positive-return guarantee.
XLU,Utilities,21,2025-12-01,challenger_logistic_price_relative,price_relative_strength_risk_calendar,36,0.5958053871082296,0.5376234291221633,0,0.6309523809523809,0.640596469872185,0.6316358963954826,0.6361161831338338,sec_daily_return|spy_daily_return|active_daily_return|sector_spy_close_ratio|rsi_14|macd_histogram|calendar_month_sin|calendar_month_cos|sec_return_5d|spy_return_5d|active_return_5d|ratio_return_5d|sec_return_10d|spy_return_10d|active_return_10d|ratio_return_10d|sec_return_21d|spy_return_21d|active_return_21d|ratio_return_21d|sec_return_63d|spy_return_63d|active_return_63d|ratio_return_63d|sec_return_126d|spy_return_126d|active_return_126d|ratio_return_126d|sec_vol_20d|spy_vol_20d|rel_vol_20d|active_mean_20d|sec_vol_63d|spy_vol_63d|rel_vol_63d|active_mean_63d,-0.03778874372210672,AVOID,-0.05818195798606629,0.6361161831338338,0.0,BUY means the model predicts >1% 21-trading-day active return versus SPY. It is not an absolute positive-return guarantee.
XLV,Health Care,21,2025-12-01,challenger_logistic_price_relative,price_relative_strength_risk_calendar,36,0.8078663225127609,0.6280936143719891,0,0.5277777777777778,0.5946764840033882,0.4840685475988793,0.5393725158011338,sec_daily_return|spy_daily_return|active_daily_return|sector_spy_close_ratio|rsi_14|macd_histogram|calendar_month_sin|calendar_month_cos|sec_return_5d|spy_return_5d|active_return_5d|ratio_return_5d|sec_return_10d|spy_return_10d|active_return_10d|ratio_return_10d|sec_return_21d|spy_return_21d|active_return_21d|ratio_return_21d|sec_return_63d|spy_return_63d|active_return_63d|ratio_return_63d|sec_return_126d|spy_return_126d|active_return_126d|ratio_return_126d|sec_vol_20d|spy_vol_20d|rel_vol_20d|active_mean_20d|sec_vol_63d|spy_vol_63d|rel_vol_63d|active_mean_63d,-0.005580777562165351,AVOID,-0.17977270814077184,0.5393725158011338,0.0,BUY means the model predicts >1% 21-trading-day active return versus SPY. It is not an absolute positive-return guarantee.
XLY,Consumer Discretionary,21,2025-12-01,challenger_logistic_price_relative,price_relative_strength_risk_calendar,36,0.4864325824593591,0.5553394869477538,1,0.5793650793650794,0.5815405968077724,0.5566210333732887,0.5690808150905305,sec_daily_return|spy_daily_return|active_daily_return|sector_spy_close_ratio|rsi_14|macd_histogram|calendar_month_sin|calendar_month_cos|sec_return_5d|spy_return_5d|active_return_5d|ratio_return_5d|sec_return_10d|spy_return_10d|active_return_10d|ratio_return_10d|sec_return_21d|spy_return_21d|active_return_21d|ratio_return_21d|sec_return_63d|spy_return_63d|active_return_63d|ratio_return_63d|sec_return_126d|spy_return_126d|active_return_126d|ratio_return_126d|sec_vol_20d|spy_vol_20d|rel_vol_20d|active_mean_20d|sec_vol_63d|spy_vol_63d|rel_vol_63d|active_mean_63d,0.006957476068583546,BUY,0.0689069044883947,0.5690808150905305,0.039213597371620994,BUY means the model predicts >1% 21-trading-day active return versus SPY. It is not an absolute positive-return guarantee.
XLB,Materials,21,2025-12-31,challenger_logistic_price_relative,price_relative_strength_risk_calendar,36,0.23998821801683576,0.37790495538324986,1,0.4444444444444444,0.5483436574198761,0.48000269323996764,0.5141731753299219,sec_daily_return|spy_daily_return|active_daily_return|sector_spy_close_ratio|rsi_14|macd_histogram|calendar_month_sin|calendar_month_cos|sec_return_5d|spy_return_5d|active_return_5d|ratio_return_5d|sec_return_10d|spy_return_10d|active_return_10d|ratio_return_10d|sec_return_21d|spy_return_21d|active_return_21d|ratio_return_21d|sec_return_63d|spy_return_63d|active_return_63d|ratio_return_63d|sec_return_126d|spy_return_126d|active_return_126d|ratio_return_126d|sec_vol_20d|spy_vol_20d|rel_vol_20d|active_mean_20d|sec_vol_63d|spy_vol_63d|rel_vol_63d|active_mean_63d,0.0750357867317124,BUY,0.1379167373664141,0.5141731753299219,0.07091308678283204,BUY means the model predicts >1% 21-trading-day active return versus SPY. It is not an absolute positive-return guarantee.
XLE,Energy,21,2025-12-31,challenger_logistic_price_relative,price_relative_strength_risk_calendar,36,0.3772226426063011,0.62732568586595,1,0.4365079365079365,0.5189939401837492,0.37264611976282014,0.4458200299732847,sec_daily_return|spy_daily_return|active_daily_return|sector_spy_close_ratio|rsi_14|macd_histogram|calendar_month_sin|calendar_month_cos|sec_return_5d|spy_return_5d|active_return_5d|ratio_return_5d|sec_return_10d|spy_return_10d|active_return_10d|ratio_return_10d|sec_return_21d|spy_return_21d|active_return_21d|ratio_return_21d|sec_return_63d|spy_return_63d|active_return_63d|ratio_return_63d|sec_return_126d|spy_return_126d|active_return_126d|ratio_return_126d|sec_vol_20d|spy_vol_20d|rel_vol_20d|active_mean_20d|sec_vol_63d|spy_vol_63d|rel_vol_63d|active_mean_63d,0.0996540082218047,BUY,0.2501030432596488,0.4458200299732847,0.11150094624242636,BUY means the model predicts >1% 21-trading-day active return versus SPY. It is not an absolute positive-return guarantee.
XLF,Financials,21,2025-12-31,challenger_logistic_price_relative,price_relative_strength_risk_calendar,36,0.8258767699148498,0.698964250697757,0,0.6349206349206349,0.6115236875800256,0.601280409731114,0.6064020486555698,sec_daily_return|spy_daily_return|active_daily_return|sector_spy_close_ratio|rsi_14|macd_histogram|calendar_month_sin|calendar_month_cos|sec_return_5d|spy_return_5d|active_return_5d|ratio_return_5d|sec_return_10d|spy_return_10d|active_return_10d|ratio_return_10d|sec_return_21d|spy_return_21d|active_return_21d|ratio_return_21d|sec_return_63d|spy_return_63d|active_return_63d|ratio_return_63d|sec_return_126d|spy_return_126d|active_return_126d|ratio_return_126d|sec_vol_20d|spy_vol_20d|rel_vol_20d|active_mean_20d|sec_vol_63d|spy_vol_63d|rel_vol_63d|active_mean_63d,-0.03329344206568596,AVOID,-0.1269125192170928,0.6064020486555698,0.0,BUY means the model predicts >1% 21-trading-day active return versus SPY. It is not an absolute positive-return guarantee.
XLI,Industrials,21,2025-12-31,challenger_logistic_price_relative,price_relative_strength_risk_calendar,36,0.714094037201774,0.5117075040394611,0,0.6150793650793651,0.6357758620689655,0.644459939148073,0.6401179006085193,sec_daily_return|spy_daily_return|active_daily_return|sector_spy_close_ratio|rsi_14|macd_histogram|calendar_month_sin|calendar_month_cos|sec_return_5d|spy_return_5d|active_return_5d|ratio_return_5d|sec_return_10d|spy_return_10d|active_return_10d|ratio_return_10d|sec_return_21d|spy_return_21d|active_return_21d|ratio_return_21d|sec_return_63d|spy_return_63d|active_return_63d|ratio_return_63d|sec_return_126d|spy_return_126d|active_return_126d|ratio_return_126d|sec_vol_20d|spy_vol_20d|rel_vol_20d|active_mean_20d|sec_vol_63d|spy_vol_63d|rel_vol_63d|active_mean_63d,0.06022023943561017,AVOID,-0.20238653316231292,0.6401179006085193,0.0,BUY means the model predicts >1% 21-trading-day active return versus SPY. It is not an absolute positive-return guarantee.
XLK,Information Technology,21,2025-12-31,challenger_logistic_price_relative,price_relative_strength_risk_calendar,36,0.24047188191951552,0.2774880591639142,1,0.6468253968253969,0.6251700680272109,0.6417881438289601,0.6334791059280855,sec_daily_return|spy_daily_return|active_daily_return|sector_spy_close_ratio|rsi_14|macd_histogram|calendar_month_sin|calendar_month_cos|sec_return_5d|spy_return_5d|active_return_5d|ratio_return_5d|sec_return_10d|spy_return_10d|active_return_10d|ratio_return_10d|sec_return_21d|spy_return_21d|active_return_21d|ratio_return_21d|sec_return_63d|spy_return_63d|active_return_63d|ratio_return_63d|sec_return_126d|spy_return_126d|active_return_126d|ratio_return_126d|sec_vol_20d|spy_vol_20d|rel_vol_20d|active_mean_20d|sec_vol_63d|spy_vol_63d|rel_vol_63d|active_mean_63d,-0.010822212007795873,BUY,0.03701617724439871,0.6334791059280855,0.023448974865657238,BUY means the model predicts >1% 21-trading-day active return versus SPY. It is not an absolute positive-return guarantee.
XLP,Consumer Staples,21,2025-12-31,challenger_logistic_price_relative,price_relative_strength_risk_calendar,36,0.5926921384290037,0.5417045364808112,0,0.5119047619047619,0.5340746054519369,0.4760401721664276,0.5050573888091823,sec_daily_return|spy_daily_return|active_daily_return|sector_spy_close_ratio|rsi_14|macd_histogram|calendar_month_sin|calendar_month_cos|sec_return_5d|spy_return_5d|active_return_5d|ratio_return_5d|sec_return_10d|spy_return_10d|active_return_10d|ratio_return_10d|sec_return_21d|spy_return_21d|active_return_21d|ratio_return_21d|sec_return_63d|spy_return_63d|active_return_63d|ratio_return_63d|sec_return_126d|spy_return_126d|active_return_126d|ratio_return_126d|sec_vol_20d|spy_vol_20d|rel_vol_20d|active_mean_20d|sec_vol_63d|spy_vol_63d|rel_vol_63d|active_mean_63d,0.06801371689550217,AVOID,-0.05098760194819252,0.5050573888091823,0.0,BUY means the model predicts >1% 21-trading-day active return versus SPY. It is not an absolute positive-return guarantee.
XLU,Utilities,21,2025-12-31,challenger_logistic_price_relative,price_relative_strength_risk_calendar,36,0.5715442876675294,0.8056409948648113,1,0.6190476190476191,0.6445293836598185,0.6328578254044093,0.6386936045321139,sec_daily_return|spy_daily_return|active_daily_return|sector_spy_close_ratio|rsi_14|macd_histogram|calendar_month_sin|calendar_month_cos|sec_return_5d|spy_return_5d|active_return_5d|ratio_return_5d|sec_return_10d|spy_return_10d|active_return_10d|ratio_return_10d|sec_return_21d|spy_return_21d|active_return_21d|ratio_return_21d|sec_return_63d|spy_return_63d|active_return_63d|ratio_return_63d|sec_return_126d|spy_return_126d|active_return_126d|ratio_return_126d|sec_vol_20d|spy_vol_20d|rel_vol_20d|active_mean_20d|sec_vol_63d|spy_vol_63d|rel_vol_63d|active_mean_63d,-0.021422086517406513,BUY,0.23409670719728193,0.6386936045321139,0.14951606972893083,BUY means the model predicts >1% 21-trading-day active return versus SPY. It is not an absolute positive-return guarantee.
XLV,Health Care,21,2025-12-31,challenger_logistic_price_relative,price_relative_strength_risk_calendar,36,0.7757623908000384,0.48393415379367427,0,0.5158730158730159,0.5607142857142857,0.4364158163265306,0.49856505102040816,sec_daily_return|spy_daily_return|active_daily_return|sector_spy_close_ratio|rsi_14|macd_histogram|calendar_month_sin|calendar_month_cos|sec_return_5d|spy_return_5d|active_return_5d|ratio_return_5d|sec_return_10d|spy_return_10d|active_return_10d|ratio_return_10d|sec_return_21d|spy_return_21d|active_return_21d|ratio_return_21d|sec_return_63d|spy_return_63d|active_return_63d|ratio_return_63d|sec_return_126d|spy_return_126d|active_return_126d|ratio_return_126d|sec_vol_20d|spy_vol_20d|rel_vol_20d|active_mean_20d|sec_vol_63d|spy_vol_63d|rel_vol_63d|active_mean_63d,-0.014033015390721548,AVOID,-0.2918282370063641,0.49856505102040816,0.0,BUY means the model predicts >1% 21-trading-day active return versus SPY. It is not an absolute positive-return guarantee.
XLY,Consumer Discretionary,21,2025-12-31,challenger_logistic_price_relative,price_relative_strength_risk_calendar,36,0.5214811740977217,0.3830362691805812,0,0.623015873015873,0.6238659274193548,0.5912298387096774,0.607547883064516,sec_daily_return|spy_daily_return|active_daily_return|sector_spy_close_ratio|rsi_14|macd_histogram|calendar_month_sin|calendar_month_cos|sec_return_5d|spy_return_5d|active_return_5d|ratio_return_5d|sec_return_10d|spy_return_10d|active_return_10d|ratio_return_10d|sec_return_21d|spy_return_21d|active_return_21d|ratio_return_21d|sec_return_63d|spy_return_63d|active_return_63d|ratio_return_63d|sec_return_126d|spy_return_126d|active_return_126d|ratio_return_126d|sec_vol_20d|spy_vol_20d|rel_vol_20d|active_mean_20d|sec_vol_63d|spy_vol_63d|rel_vol_63d|active_mean_63d,0.0016563540312242164,AVOID,-0.13844490491714045,0.607547883064516,0.0,BUY means the model predicts >1% 21-trading-day active return versus SPY. It is not an absolute positive-return guarantee.
