ticker,champion_signal,champion_probability,champion_threshold,champion_quality_adjusted_edge,champion_auc,challenger_signal,challenger_probability,challenger_threshold,challenger_quality_adjusted_edge,challenger_auc,probability_difference_challenger_minus_champion
XLB,AVOID,0.5110988874797407,0.5620878037845954,0.0,0.6860650510204082,BUY,0.6413769393533171,0.1608627892476823,0.24641332210065606,0.4943310657596371,0.13027805187357633
XLE,BUY,0.7618525846359636,0.2700380493309662,0.29037809927187286,0.7882730015082957,BUY,0.5354361291690949,0.5153088704761811,0.012575787679589267,0.6183349530288307,-0.22641645546686873
XLF,AVOID,0.8623941712391647,0.960806961057777,0.0,0.8548872180451128,BUY,0.933343255334207,0.6888215071273435,0.15184871645549777,0.6149709302325581,0.0709490840950423
XLI,BUY,0.9560445625087652,0.4730133918870818,0.3990511734494193,0.872805527239778,BUY,0.8911966749205912,0.6622663742536661,0.11669385787529342,0.4607123059866962,-0.06484788758817406
XLK,BUY,0.5292736022842081,0.3550375324798728,0.12301104758193973,0.6634507042253522,BUY,0.6497370705099753,0.2541662210253021,0.27382030060136664,0.7147587178584008,0.12046346822576726
XLP,AVOID,0.4474846659598342,0.6020828762018633,0.0,0.7752683948677666,AVOID,0.1365104562692517,0.4750966043185391,0.0,0.5201552229349806,-0.31097420969058254
XLU,AVOID,0.3169850521251937,0.5749244001111117,0.0,0.8825062034739455,AVOID,0.6093522210193157,0.7845003152115588,0.0,0.7484952999256104,0.29236716889412206
XLV,BUY,0.6246441540494377,0.2622122486581362,0.28763645072447014,0.8342782896291047,AVOID,0.3927327620785606,0.8863836067538747,0.0,0.633820564516129,-0.23191139197087712
XLY,AVOID,0.2907066150890564,0.6524998142679068,0.0,0.7818537539740767,BUY,0.6764938416311325,0.5163359396753876,0.08271107077928026,0.465217724037652,0.3857872265420761
