ticker,sector,horizon_days,prediction_date,ensemble_model,base_models,ensemble_weights,scenario,feature_profile,selected_feature_count_for_latest,threshold,latest_outperformance_probability,latest_predicts_outperformance_gt_1pct,latest_base_model_probabilities,test_accuracy,test_balanced_accuracy,test_auc,test_f1,test_precision,test_recall,test_acc_auc_balanced_score,recipe_test_accuracy,recipe_test_auc,recipe_acc_auc_balanced_score,latest_selected_features
XLI,Industrials,21,2026-09-29,ensemble_aucw_all_base,logistic_l2_C0.2|logistic_l2_C5|extra_trees_depth5_leaf10|extra_trees_depthNone_leaf15|hist_gb_lr0.06_leaf15_l20.1,0.354879|0.373168|0.133910|0.119379|0.018665,recent3_price_engineered_top30,sector_technical+spy_technical+relative_technical+history_lags+calendar+engineered_price,30,0.4730133910034159,0.9491596715194968,1,logistic_l2_C0.2:0.969426|logistic_l2_C5:0.994507|extra_trees_depth5_leaf10:0.840205|extra_trees_depthNone_leaf15:0.861782|hist_gb_lr0.06_leaf15_l20.1:0.997739,0.7801047120418848,0.7781705948372615,0.867003367003367,0.7469879518072289,0.7294117647058823,0.7654320987654321,0.8212617260034997,0.8571428571428571,0.9340690435766836,0.8939540971767731,cal_month_1|cal_month_10|cal_month_2|cal_month_6|cal_month_8|cal_quarter_1|cal_quarter_3|eng_active_return_126d|eng_active_return_21d|eng_active_return_63d|eng_active_z_126d|eng_active_z_21d|eng_active_z_63d|eng_rel_strength_126d|eng_rel_strength_63d|eng_sec_return_126d|eng_sec_return_63d|eng_vol_spread_20d|rel_annualized_volatility_20d|roll_active_mean_21d|roll_active_mean_63d|roll_close_ratio_return_63d|roll_sec_return_63d|sec_annualized_volatility_20d|sec_macd_12_26|sec_macd_signal_9|sec_rolling_volatility_20d|sector_spy_close_ratio|spy_annualized_volatility_20d|spy_rolling_volatility_20d
XLE,Energy,21,2026-09-29,ensemble_equal_logit_et_hgb,logistic_l2_C0.2|extra_trees_depth5_leaf10|hist_gb_lr0.06_leaf15_l20.1,0.333333|0.333333|0.333333,recent3_price_engineered_top30,sector_technical+spy_technical+relative_technical+history_lags+calendar+engineered_price,30,0.27003804933096626,0.7414598197767799,1,logistic_l2_C0.2:0.991233|extra_trees_depth5_leaf10:0.580314|hist_gb_lr0.06_leaf15_l20.1:0.652833,0.4744186046511628,0.5712956068503351,0.7830416976917349,0.33136094674556216,0.8484848484848485,0.20588235294117646,0.59085690245717,0.5572519083969466,0.8660147991543341,0.6781419068798998,cal_month_11|cal_month_2|cal_month_4|cal_month_5|cal_quarter_1|cal_quarter_2|eng_active_return_126d|eng_active_return_63d|eng_active_z_126d|eng_active_z_63d|eng_corr_sec_spy_126d|eng_rel_strength_126d|eng_rel_strength_63d|eng_sec_return_21d|eng_spy_return_126d|eng_spy_return_63d|rel_macd_12_26|rel_macd_signal_9|rel_vol_ratio_20d|roll_active_mean_63d|roll_close_ratio_return_63d|roll_sec_return_21d|roll_spy_return_63d|sec_annualized_volatility_20d|sec_rolling_volatility_20d|sector_spy_close_ratio|spy_annualized_volatility_20d|spy_macd_12_26|spy_macd_signal_9|spy_rolling_volatility_20d
XLF,Financials,21,2026-09-29,ensemble_aucw_all_base,logistic_l2_C0.2|logistic_l2_C5|extra_trees_depth5_leaf10|extra_trees_depthNone_leaf15|hist_gb_lr0.06_leaf15_l20.1,0.000000|0.695783|0.000000|0.000000|0.304217,recent2_keep_engineered,sector_technical+spy_technical+relative_technical+history_lags,62,0.9608069585812892,0.7303769750639852,0,logistic_l2_C0.2:0.879906|logistic_l2_C5:0.860848|extra_trees_depth5_leaf10:0.608720|extra_trees_depthNone_leaf15:0.579811|hist_gb_lr0.06_leaf15_l20.1:0.431973,0.7472527472527473,0.7141261171797418,0.8509185700099304,0.6290322580645161,0.8125,0.5131578947368421,0.7957235025558781,0.7692307692307693,0.8473936899862825,0.8064226620759427,active_daily_return|lag_active_return_10d|lag_active_return_1d|lag_active_return_2d|lag_active_return_3d|lag_active_return_5d|lag_sec_return_10d|lag_sec_return_1d|lag_sec_return_2d|lag_sec_return_3d|lag_sec_return_5d|lag_spy_return_10d|lag_spy_return_1d|lag_spy_return_2d|lag_spy_return_3d|lag_spy_return_5d|rel_annualized_volatility_20d|rel_daily_return|rel_macd_12_26|rel_macd_histogram|rel_macd_signal_9|rel_momentum_10d|rel_rolling_volatility_20d|rel_rsi_14|rel_vol_ratio_20d|roll_active_mean_10d|roll_active_mean_21d|roll_active_mean_5d|roll_active_mean_63d|roll_active_std_10d|roll_active_std_21d|roll_active_std_5d|roll_active_std_63d|roll_close_ratio_return_10d|roll_close_ratio_return_21d|roll_close_ratio_return_5d|roll_close_ratio_return_63d|roll_sec_return_10d|roll_sec_return_21d|roll_sec_return_5d|roll_sec_return_63d|roll_spy_return_10d|roll_spy_return_21d|roll_spy_return_5d|roll_spy_return_63d|sec_annualized_volatility_20d|sec_daily_return|sec_macd_12_26|sec_macd_histogram|sec_macd_signal_9|sec_momentum_10d|sec_rolling_volatility_20d|sec_rsi_14|sector_spy_close_ratio|spy_annualized_volatility_20d|spy_daily_return|spy_macd_12_26|spy_macd_histogram|spy_macd_signal_9|spy_momentum_10d|spy_rolling_volatility_20d|spy_rsi_14
XLV,Health Care,21,2026-09-29,ensemble_aucw_all_base,logistic_l2_C0.2|logistic_l2_C5|extra_trees_depth5_leaf10|extra_trees_depthNone_leaf15|hist_gb_lr0.06_leaf15_l20.1,0.138174|0.122138|0.204276|0.213185|0.322227,recent3_keep_engineered,sector_technical+spy_technical+relative_technical+history_lags+macro_numeric+sector_fundamentals+regime_tags+calendar+engineered_price,190,0.26221224895639567,0.6661959524513272,1,logistic_l2_C0.2:0.473579|logistic_l2_C5:0.324329|extra_trees_depth5_leaf10:0.732772|extra_trees_depthNone_leaf15:0.698871|hist_gb_lr0.06_leaf15_l20.1:0.814550,0.7580645161290323,0.7605042016806722,0.8357843137254902,0.7692307692307693,0.8064516129032258,0.7352941176470589,0.7950295153529441,0.7777777777777778,0.8267045454545454,0.8014951800118041,active_daily_return|cal_dayofweek_0|cal_dayofweek_1|cal_dayofweek_2|cal_dayofweek_3|cal_dayofweek_4|cal_month_1|cal_month_10|cal_month_11|cal_month_12|cal_month_2|cal_month_3|cal_month_4|cal_month_5|cal_month_6|cal_month_7|cal_month_8|cal_month_9|cal_quarter_1|cal_quarter_2|cal_quarter_3|cal_quarter_4|cal_year|core_cpi_inflation_yoy|cpi_inflation_yoy|debt_to_equity|dividend_yield|eng_active_return_126d|eng_active_return_21d|eng_active_return_63d|eng_active_z_126d|eng_active_z_21d|eng_active_z_63d|eng_beta_126d|eng_beta_21d|eng_beta_63d|eng_corr_sec_spy_126d|eng_corr_sec_spy_21d|eng_corr_sec_spy_63d|eng_macd_hist_spread|eng_momentum_spread_10d|eng_rel_strength_126d|eng_rel_strength_21d|eng_rel_strength_63d|eng_rsi_spread|eng_sec_return_126d|eng_sec_return_21d|eng_sec_return_63d|eng_spy_return_126d|eng_spy_return_21d|eng_spy_return_63d|eng_vol_spread_20d|eps_growth|fed_funds_rate|financial_conditions_proxy_regime_Neutral Financial Conditions Proxy|financial_conditions_proxy_regime_Restrictive Financial Conditions Proxy|financial_conditions_proxy_regime_Supportive Financial Conditions Proxy|financial_conditions_proxy_regime_Very Supportive Financial Conditions Proxy|forward_pe|growth_momentum_regime_Accelerating Growth|growth_momentum_regime_Decelerating Growth|growth_momentum_regime_Negative Momentum|growth_momentum_regime_Stable Growth|growth_regime_Contraction|growth_regime_Expansion|growth_regime_Moderate Growth|growth_regime_Strong Expansion|inflation_momentum_regime_Disinflation|inflation_momentum_regime_Inflation Acceleration|inflation_momentum_regime_Insufficient History|inflation_momentum_regime_Rapid Disinflation|inflation_momentum_regime_Reinflation|inflation_momentum_regime_Stable Inflation|inflation_regime_Elevated Inflation|inflation_regime_Extreme Inflation|inflation_regime_High Inflation|inflation_regime_Low Inflation|inflation_regime_Normal Inflation|interest_rate_regime_Aggressive Cutting|interest_rate_regime_Aggressive Hiking|interest_rate_regime_Cutting|interest_rate_regime_Hiking|interest_rate_regime_Insufficient History|interest_rate_regime_Stable|labor_cycle_detailed_regime_Extremely Tight Labor Market / Improving|labor_cycle_detailed_regime_Extremely Tight Labor Market / Stable|labor_cycle_detailed_regime_Extremely Tight Labor Market / Weakening|labor_cycle_detailed_regime_Moderate Labor Market|labor_cycle_detailed_regime_Moderate Labor Market / Improving|labor_cycle_detailed_regime_Moderate Labor Market / Stable|labor_cycle_detailed_regime_Severe Labor Weakness / Improving|labor_cycle_detailed_regime_Severe Labor Weakness / Rapidly Weakening|labor_cycle_detailed_regime_Strong Labor Market|labor_cycle_detailed_regime_Strong Labor Market / Improving|labor_cycle_detailed_regime_Strong Labor Market / Rapidly Weakening|labor_cycle_detailed_regime_Strong Labor Market / Stable|labor_cycle_detailed_regime_Strong Labor Market / Weakening|labor_cycle_detailed_regime_Weak Labor Market / Improving|labor_market_regime_Extremely Tight Labor Market|labor_market_regime_Moderate Labor Market|labor_market_regime_Severe Labor Weakness|labor_market_regime_Strong Labor Market|labor_market_regime_Weak Labor Market|lag_active_return_10d|lag_active_return_1d|lag_active_return_2d|lag_active_return_3d|lag_active_return_5d|lag_sec_return_10d|lag_sec_return_1d|lag_sec_return_2d|lag_sec_return_3d|lag_sec_return_5d|lag_spy_return_10d|lag_spy_return_1d|lag_spy_return_2d|lag_spy_return_3d|lag_spy_return_5d|macro_regime_tag_Goldilocks / Easy Policy Expansion|macro_regime_tag_Goldilocks / Stable Expansion|macro_regime_tag_Inflationary Expansion|macro_regime_tag_Inflationary Expansion / Tightening|macro_regime_tag_Mixed / Transitional Macro Regime|macro_regime_tag_Overheating / Very High Inflation|macro_regime_tag_Recession / Contraction Risk|monetary_policy_regime_Accommodative|monetary_policy_regime_Highly Accommodative|monetary_policy_regime_Neutral|monetary_policy_regime_Restrictive|nominal_gdp|pe_ratio|policy_cycle_regime_Accommodative Hold|policy_cycle_regime_Aggressive Easing Cycle|policy_cycle_regime_Aggressive Tightening Cycle|policy_cycle_regime_Easing Cycle|policy_cycle_regime_Neutral Policy Hold|policy_cycle_regime_Restrictive Hold|policy_cycle_regime_Tightening Cycle|profit_margin|real_fed_funds_rate_approx|real_gdp_growth_qoq_annualized|real_gdp_growth_yoy|rel_annualized_volatility_20d|rel_daily_return|rel_macd_12_26|rel_macd_histogram|rel_macd_signal_9|rel_momentum_10d|rel_rolling_volatility_20d|rel_rsi_14|rel_vol_ratio_20d|revenue_growth|roll_active_mean_10d|roll_active_mean_21d|roll_active_mean_5d|roll_active_mean_63d|roll_active_std_10d|roll_active_std_21d|roll_active_std_5d|roll_active_std_63d|roll_close_ratio_return_10d|roll_close_ratio_return_21d|roll_close_ratio_return_5d|roll_close_ratio_return_63d|roll_sec_return_10d|roll_sec_return_21d|roll_sec_return_5d|roll_sec_return_63d|roll_spy_return_10d|roll_spy_return_21d|roll_spy_return_5d|roll_spy_return_63d|sec_annualized_volatility_20d|sec_daily_return|sec_macd_12_26|sec_macd_histogram|sec_macd_signal_9|sec_momentum_10d|sec_rolling_volatility_20d|sec_rsi_14|sector_spy_close_ratio|spy_annualized_volatility_20d|spy_daily_return|spy_macd_12_26|spy_macd_histogram|spy_macd_signal_9|spy_momentum_10d|spy_rolling_volatility_20d|spy_rsi_14|unemployment_rate
XLK,Information Technology,21,2026-09-29,ensemble_aucw_logit_et_hgb,logistic_l2_C0.2|extra_trees_depth5_leaf10|hist_gb_lr0.06_leaf15_l20.1,0.279539|0.000000|0.720461,recent2_keep_engineered,macro_numeric,8,0.35503753247987285,0.5245622028222273,1,logistic_l2_C0.2:0.481209|extra_trees_depth5_leaf10:0.537064|hist_gb_lr0.06_leaf15_l20.1:0.541383,0.7558139534883721,0.7188676614140288,0.6650397434109608,0.8173913043478261,0.7286821705426356,0.9306930693069307,0.7075271983191992,0.8365384615384616,0.875,0.8553370786516853,core_cpi_inflation_yoy|cpi_inflation_yoy|fed_funds_rate|nominal_gdp|real_fed_funds_rate_approx|real_gdp_growth_qoq_annualized|real_gdp_growth_yoy|unemployment_rate
XLB,Materials,21,2026-09-29,ensemble_equal_extra_trees_pair,extra_trees_depth5_leaf10|extra_trees_depthNone_leaf15,0.500000|0.500000,recent2_keep_engineered,macro_numeric+regime_tags,74,0.5620878037845953,0.5073840799631216,0,extra_trees_depth5_leaf10:0.509975|extra_trees_depthNone_leaf15:0.504793,0.7128205128205128,0.7142857142857143,0.687039764359352,0.6,1.0,0.42857142857142855,0.6996927409717372,0.8,0.8668335089567967,0.8320768732318683,core_cpi_inflation_yoy|cpi_inflation_yoy|fed_funds_rate|financial_conditions_proxy_regime_Neutral Financial Conditions Proxy|financial_conditions_proxy_regime_Restrictive Financial Conditions Proxy|financial_conditions_proxy_regime_Supportive Financial Conditions Proxy|financial_conditions_proxy_regime_Very Supportive Financial Conditions Proxy|growth_momentum_regime_Accelerating Growth|growth_momentum_regime_Decelerating Growth|growth_momentum_regime_Negative Momentum|growth_momentum_regime_Stable Growth|growth_regime_Contraction|growth_regime_Expansion|growth_regime_Moderate Growth|growth_regime_Strong Expansion|inflation_momentum_regime_Disinflation|inflation_momentum_regime_Inflation Acceleration|inflation_momentum_regime_Insufficient History|inflation_momentum_regime_Rapid Disinflation|inflation_momentum_regime_Reinflation|inflation_momentum_regime_Stable Inflation|inflation_regime_Elevated Inflation|inflation_regime_Extreme Inflation|inflation_regime_High Inflation|inflation_regime_Low Inflation|inflation_regime_Normal Inflation|interest_rate_regime_Aggressive Cutting|interest_rate_regime_Aggressive Hiking|interest_rate_regime_Cutting|interest_rate_regime_Hiking|interest_rate_regime_Insufficient History|interest_rate_regime_Stable|labor_cycle_detailed_regime_Extremely Tight Labor Market / Improving|labor_cycle_detailed_regime_Extremely Tight Labor Market / Stable|labor_cycle_detailed_regime_Extremely Tight Labor Market / Weakening|labor_cycle_detailed_regime_Moderate Labor Market|labor_cycle_detailed_regime_Moderate Labor Market / Improving|labor_cycle_detailed_regime_Moderate Labor Market / Stable|labor_cycle_detailed_regime_Severe Labor Weakness / Improving|labor_cycle_detailed_regime_Severe Labor Weakness / Rapidly Weakening|labor_cycle_detailed_regime_Strong Labor Market|labor_cycle_detailed_regime_Strong Labor Market / Improving|labor_cycle_detailed_regime_Strong Labor Market / Rapidly Weakening|labor_cycle_detailed_regime_Strong Labor Market / Stable|labor_cycle_detailed_regime_Strong Labor Market / Weakening|labor_cycle_detailed_regime_Weak Labor Market / Improving|labor_market_regime_Extremely Tight Labor Market|labor_market_regime_Moderate Labor Market|labor_market_regime_Severe Labor Weakness|labor_market_regime_Strong Labor Market|labor_market_regime_Weak Labor Market|macro_regime_tag_Goldilocks / Easy Policy Expansion|macro_regime_tag_Goldilocks / Stable Expansion|macro_regime_tag_Inflationary Expansion|macro_regime_tag_Inflationary Expansion / Tightening|macro_regime_tag_Mixed / Transitional Macro Regime|macro_regime_tag_Overheating / Very High Inflation|macro_regime_tag_Recession / Contraction Risk|monetary_policy_regime_Accommodative|monetary_policy_regime_Highly Accommodative|monetary_policy_regime_Neutral|monetary_policy_regime_Restrictive|nominal_gdp|policy_cycle_regime_Accommodative Hold|policy_cycle_regime_Aggressive Easing Cycle|policy_cycle_regime_Aggressive Tightening Cycle|policy_cycle_regime_Easing Cycle|policy_cycle_regime_Neutral Policy Hold|policy_cycle_regime_Restrictive Hold|policy_cycle_regime_Tightening Cycle|real_fed_funds_rate_approx|real_gdp_growth_qoq_annualized|real_gdp_growth_yoy|unemployment_rate
XLP,Consumer Staples,21,2026-09-29,ensemble_equal_logit_et_hgb,logistic_l2_C0.2|extra_trees_depth5_leaf10|hist_gb_lr0.06_leaf15_l20.1,0.333333|0.333333|0.333333,full_keep,macro_numeric+regime_tags,74,0.6020828761952518,0.4489677808086455,0,logistic_l2_C0.2:0.422661|extra_trees_depth5_leaf10:0.456781|hist_gb_lr0.06_leaf15_l20.1:0.467461,0.8131868131868132,0.7805321219987021,0.7756002595717068,0.7213114754098361,0.8,0.6567164179104478,0.7939489365216439,0.8739495798319328,0.8603286384976527,0.8670856200415162,core_cpi_inflation_yoy|cpi_inflation_yoy|fed_funds_rate|financial_conditions_proxy_regime_Neutral Financial Conditions Proxy|financial_conditions_proxy_regime_Restrictive Financial Conditions Proxy|financial_conditions_proxy_regime_Supportive Financial Conditions Proxy|financial_conditions_proxy_regime_Very Supportive Financial Conditions Proxy|growth_momentum_regime_Accelerating Growth|growth_momentum_regime_Decelerating Growth|growth_momentum_regime_Negative Momentum|growth_momentum_regime_Stable Growth|growth_regime_Contraction|growth_regime_Expansion|growth_regime_Moderate Growth|growth_regime_Strong Expansion|inflation_momentum_regime_Disinflation|inflation_momentum_regime_Inflation Acceleration|inflation_momentum_regime_Insufficient History|inflation_momentum_regime_Rapid Disinflation|inflation_momentum_regime_Reinflation|inflation_momentum_regime_Stable Inflation|inflation_regime_Elevated Inflation|inflation_regime_Extreme Inflation|inflation_regime_High Inflation|inflation_regime_Low Inflation|inflation_regime_Normal Inflation|interest_rate_regime_Aggressive Cutting|interest_rate_regime_Aggressive Hiking|interest_rate_regime_Cutting|interest_rate_regime_Hiking|interest_rate_regime_Insufficient History|interest_rate_regime_Stable|labor_cycle_detailed_regime_Extremely Tight Labor Market / Improving|labor_cycle_detailed_regime_Extremely Tight Labor Market / Stable|labor_cycle_detailed_regime_Extremely Tight Labor Market / Weakening|labor_cycle_detailed_regime_Moderate Labor Market|labor_cycle_detailed_regime_Moderate Labor Market / Improving|labor_cycle_detailed_regime_Moderate Labor Market / Stable|labor_cycle_detailed_regime_Severe Labor Weakness / Improving|labor_cycle_detailed_regime_Severe Labor Weakness / Rapidly Weakening|labor_cycle_detailed_regime_Strong Labor Market|labor_cycle_detailed_regime_Strong Labor Market / Improving|labor_cycle_detailed_regime_Strong Labor Market / Rapidly Weakening|labor_cycle_detailed_regime_Strong Labor Market / Stable|labor_cycle_detailed_regime_Strong Labor Market / Weakening|labor_cycle_detailed_regime_Weak Labor Market / Improving|labor_market_regime_Extremely Tight Labor Market|labor_market_regime_Moderate Labor Market|labor_market_regime_Severe Labor Weakness|labor_market_regime_Strong Labor Market|labor_market_regime_Weak Labor Market|macro_regime_tag_Goldilocks / Easy Policy Expansion|macro_regime_tag_Goldilocks / Stable Expansion|macro_regime_tag_Inflationary Expansion|macro_regime_tag_Inflationary Expansion / Tightening|macro_regime_tag_Mixed / Transitional Macro Regime|macro_regime_tag_Overheating / Very High Inflation|macro_regime_tag_Recession / Contraction Risk|monetary_policy_regime_Accommodative|monetary_policy_regime_Highly Accommodative|monetary_policy_regime_Neutral|monetary_policy_regime_Restrictive|nominal_gdp|policy_cycle_regime_Accommodative Hold|policy_cycle_regime_Aggressive Easing Cycle|policy_cycle_regime_Aggressive Tightening Cycle|policy_cycle_regime_Easing Cycle|policy_cycle_regime_Neutral Policy Hold|policy_cycle_regime_Restrictive Hold|policy_cycle_regime_Tightening Cycle|real_fed_funds_rate_approx|real_gdp_growth_qoq_annualized|real_gdp_growth_yoy|unemployment_rate
XLU,Utilities,21,2026-09-29,ensemble_equal_extra_trees_pair,extra_trees_depth5_leaf10|extra_trees_depthNone_leaf15,0.500000|0.500000,full_drop_fund,sector_technical+spy_technical+relative_technical+history_lags+macro_numeric+regime_tags+calendar,158,0.5749244001111116,0.31654794472894054,0,extra_trees_depth5_leaf10:0.381191|extra_trees_depthNone_leaf15:0.251905,0.7927461139896373,0.7368874661413445,0.8816793893129771,0.6428571428571429,0.72,0.5806451612903226,0.8348510080430854,0.8376068376068376,0.9387301587301586,0.8852901237113717,active_daily_return|cal_dayofweek_0|cal_dayofweek_1|cal_dayofweek_2|cal_dayofweek_3|cal_dayofweek_4|cal_month_1|cal_month_10|cal_month_11|cal_month_12|cal_month_2|cal_month_3|cal_month_4|cal_month_5|cal_month_6|cal_month_7|cal_month_8|cal_month_9|cal_quarter_1|cal_quarter_2|cal_quarter_3|cal_quarter_4|cal_year|core_cpi_inflation_yoy|cpi_inflation_yoy|fed_funds_rate|financial_conditions_proxy_regime_Neutral Financial Conditions Proxy|financial_conditions_proxy_regime_Restrictive Financial Conditions Proxy|financial_conditions_proxy_regime_Supportive Financial Conditions Proxy|financial_conditions_proxy_regime_Very Supportive Financial Conditions Proxy|growth_momentum_regime_Accelerating Growth|growth_momentum_regime_Decelerating Growth|growth_momentum_regime_Negative Momentum|growth_momentum_regime_Stable Growth|growth_regime_Contraction|growth_regime_Expansion|growth_regime_Moderate Growth|growth_regime_Strong Expansion|inflation_momentum_regime_Disinflation|inflation_momentum_regime_Inflation Acceleration|inflation_momentum_regime_Insufficient History|inflation_momentum_regime_Rapid Disinflation|inflation_momentum_regime_Reinflation|inflation_momentum_regime_Stable Inflation|inflation_regime_Elevated Inflation|inflation_regime_Extreme Inflation|inflation_regime_High Inflation|inflation_regime_Low Inflation|inflation_regime_Normal Inflation|interest_rate_regime_Aggressive Cutting|interest_rate_regime_Aggressive Hiking|interest_rate_regime_Cutting|interest_rate_regime_Hiking|interest_rate_regime_Insufficient History|interest_rate_regime_Stable|labor_cycle_detailed_regime_Extremely Tight Labor Market / Improving|labor_cycle_detailed_regime_Extremely Tight Labor Market / Stable|labor_cycle_detailed_regime_Extremely Tight Labor Market / Weakening|labor_cycle_detailed_regime_Moderate Labor Market|labor_cycle_detailed_regime_Moderate Labor Market / Improving|labor_cycle_detailed_regime_Moderate Labor Market / Stable|labor_cycle_detailed_regime_Severe Labor Weakness / Improving|labor_cycle_detailed_regime_Severe Labor Weakness / Rapidly Weakening|labor_cycle_detailed_regime_Strong Labor Market|labor_cycle_detailed_regime_Strong Labor Market / Improving|labor_cycle_detailed_regime_Strong Labor Market / Rapidly Weakening|labor_cycle_detailed_regime_Strong Labor Market / Stable|labor_cycle_detailed_regime_Strong Labor Market / Weakening|labor_cycle_detailed_regime_Weak Labor Market / Improving|labor_market_regime_Extremely Tight Labor Market|labor_market_regime_Moderate Labor Market|labor_market_regime_Severe Labor Weakness|labor_market_regime_Strong Labor Market|labor_market_regime_Weak Labor Market|lag_active_return_10d|lag_active_return_1d|lag_active_return_2d|lag_active_return_3d|lag_active_return_5d|lag_sec_return_10d|lag_sec_return_1d|lag_sec_return_2d|lag_sec_return_3d|lag_sec_return_5d|lag_spy_return_10d|lag_spy_return_1d|lag_spy_return_2d|lag_spy_return_3d|lag_spy_return_5d|macro_regime_tag_Goldilocks / Easy Policy Expansion|macro_regime_tag_Goldilocks / Stable Expansion|macro_regime_tag_Inflationary Expansion|macro_regime_tag_Inflationary Expansion / Tightening|macro_regime_tag_Mixed / Transitional Macro Regime|macro_regime_tag_Overheating / Very High Inflation|macro_regime_tag_Recession / Contraction Risk|monetary_policy_regime_Accommodative|monetary_policy_regime_Highly Accommodative|monetary_policy_regime_Neutral|monetary_policy_regime_Restrictive|nominal_gdp|policy_cycle_regime_Accommodative Hold|policy_cycle_regime_Aggressive Easing Cycle|policy_cycle_regime_Aggressive Tightening Cycle|policy_cycle_regime_Easing Cycle|policy_cycle_regime_Neutral Policy Hold|policy_cycle_regime_Restrictive Hold|policy_cycle_regime_Tightening Cycle|real_fed_funds_rate_approx|real_gdp_growth_qoq_annualized|real_gdp_growth_yoy|rel_annualized_volatility_20d|rel_daily_return|rel_macd_12_26|rel_macd_histogram|rel_macd_signal_9|rel_momentum_10d|rel_rolling_volatility_20d|rel_rsi_14|rel_vol_ratio_20d|roll_active_mean_10d|roll_active_mean_21d|roll_active_mean_5d|roll_active_mean_63d|roll_active_std_10d|roll_active_std_21d|roll_active_std_5d|roll_active_std_63d|roll_close_ratio_return_10d|roll_close_ratio_return_21d|roll_close_ratio_return_5d|roll_close_ratio_return_63d|roll_sec_return_10d|roll_sec_return_21d|roll_sec_return_5d|roll_sec_return_63d|roll_spy_return_10d|roll_spy_return_21d|roll_spy_return_5d|roll_spy_return_63d|sec_annualized_volatility_20d|sec_daily_return|sec_macd_12_26|sec_macd_histogram|sec_macd_signal_9|sec_momentum_10d|sec_rolling_volatility_20d|sec_rsi_14|sector_spy_close_ratio|spy_annualized_volatility_20d|spy_daily_return|spy_macd_12_26|spy_macd_histogram|spy_macd_signal_9|spy_momentum_10d|spy_rolling_volatility_20d|spy_rsi_14|unemployment_rate
XLY,Consumer Discretionary,21,2026-09-29,ensemble_equal_extra_trees_pair,extra_trees_depth5_leaf10|extra_trees_depthNone_leaf15,0.500000|0.500000,full_drop_fund,sector_technical+spy_technical+relative_technical+history_lags+macro_numeric+regime_tags+calendar,158,0.6524998142679068,0.2852757810607191,0,extra_trees_depth5_leaf10:0.334046|extra_trees_depthNone_leaf15:0.236505,0.8070175438596491,0.5956775133559981,0.7826614861583293,0.32653061224489793,0.4,0.27586206896551724,0.7946529309453045,0.8080808080808081,0.8051948051948052,0.8066352252398764,active_daily_return|cal_dayofweek_0|cal_dayofweek_1|cal_dayofweek_2|cal_dayofweek_3|cal_dayofweek_4|cal_month_1|cal_month_10|cal_month_11|cal_month_12|cal_month_2|cal_month_3|cal_month_4|cal_month_5|cal_month_6|cal_month_7|cal_month_8|cal_month_9|cal_quarter_1|cal_quarter_2|cal_quarter_3|cal_quarter_4|cal_year|core_cpi_inflation_yoy|cpi_inflation_yoy|fed_funds_rate|financial_conditions_proxy_regime_Neutral Financial Conditions Proxy|financial_conditions_proxy_regime_Restrictive Financial Conditions Proxy|financial_conditions_proxy_regime_Supportive Financial Conditions Proxy|financial_conditions_proxy_regime_Very Supportive Financial Conditions Proxy|growth_momentum_regime_Accelerating Growth|growth_momentum_regime_Decelerating Growth|growth_momentum_regime_Negative Momentum|growth_momentum_regime_Stable Growth|growth_regime_Contraction|growth_regime_Expansion|growth_regime_Moderate Growth|growth_regime_Strong Expansion|inflation_momentum_regime_Disinflation|inflation_momentum_regime_Inflation Acceleration|inflation_momentum_regime_Insufficient History|inflation_momentum_regime_Rapid Disinflation|inflation_momentum_regime_Reinflation|inflation_momentum_regime_Stable Inflation|inflation_regime_Elevated Inflation|inflation_regime_Extreme Inflation|inflation_regime_High Inflation|inflation_regime_Low Inflation|inflation_regime_Normal Inflation|interest_rate_regime_Aggressive Cutting|interest_rate_regime_Aggressive Hiking|interest_rate_regime_Cutting|interest_rate_regime_Hiking|interest_rate_regime_Insufficient History|interest_rate_regime_Stable|labor_cycle_detailed_regime_Extremely Tight Labor Market / Improving|labor_cycle_detailed_regime_Extremely Tight Labor Market / Stable|labor_cycle_detailed_regime_Extremely Tight Labor Market / Weakening|labor_cycle_detailed_regime_Moderate Labor Market|labor_cycle_detailed_regime_Moderate Labor Market / Improving|labor_cycle_detailed_regime_Moderate Labor Market / Stable|labor_cycle_detailed_regime_Severe Labor Weakness / Improving|labor_cycle_detailed_regime_Severe Labor Weakness / Rapidly Weakening|labor_cycle_detailed_regime_Strong Labor Market|labor_cycle_detailed_regime_Strong Labor Market / Improving|labor_cycle_detailed_regime_Strong Labor Market / Rapidly Weakening|labor_cycle_detailed_regime_Strong Labor Market / Stable|labor_cycle_detailed_regime_Strong Labor Market / Weakening|labor_cycle_detailed_regime_Weak Labor Market / Improving|labor_market_regime_Extremely Tight Labor Market|labor_market_regime_Moderate Labor Market|labor_market_regime_Severe Labor Weakness|labor_market_regime_Strong Labor Market|labor_market_regime_Weak Labor Market|lag_active_return_10d|lag_active_return_1d|lag_active_return_2d|lag_active_return_3d|lag_active_return_5d|lag_sec_return_10d|lag_sec_return_1d|lag_sec_return_2d|lag_sec_return_3d|lag_sec_return_5d|lag_spy_return_10d|lag_spy_return_1d|lag_spy_return_2d|lag_spy_return_3d|lag_spy_return_5d|macro_regime_tag_Goldilocks / Easy Policy Expansion|macro_regime_tag_Goldilocks / Stable Expansion|macro_regime_tag_Inflationary Expansion|macro_regime_tag_Inflationary Expansion / Tightening|macro_regime_tag_Mixed / Transitional Macro Regime|macro_regime_tag_Overheating / Very High Inflation|macro_regime_tag_Recession / Contraction Risk|monetary_policy_regime_Accommodative|monetary_policy_regime_Highly Accommodative|monetary_policy_regime_Neutral|monetary_policy_regime_Restrictive|nominal_gdp|policy_cycle_regime_Accommodative Hold|policy_cycle_regime_Aggressive Easing Cycle|policy_cycle_regime_Aggressive Tightening Cycle|policy_cycle_regime_Easing Cycle|policy_cycle_regime_Neutral Policy Hold|policy_cycle_regime_Restrictive Hold|policy_cycle_regime_Tightening Cycle|real_fed_funds_rate_approx|real_gdp_growth_qoq_annualized|real_gdp_growth_yoy|rel_annualized_volatility_20d|rel_daily_return|rel_macd_12_26|rel_macd_histogram|rel_macd_signal_9|rel_momentum_10d|rel_rolling_volatility_20d|rel_rsi_14|rel_vol_ratio_20d|roll_active_mean_10d|roll_active_mean_21d|roll_active_mean_5d|roll_active_mean_63d|roll_active_std_10d|roll_active_std_21d|roll_active_std_5d|roll_active_std_63d|roll_close_ratio_return_10d|roll_close_ratio_return_21d|roll_close_ratio_return_5d|roll_close_ratio_return_63d|roll_sec_return_10d|roll_sec_return_21d|roll_sec_return_5d|roll_sec_return_63d|roll_spy_return_10d|roll_spy_return_21d|roll_spy_return_5d|roll_spy_return_63d|sec_annualized_volatility_20d|sec_daily_return|sec_macd_12_26|sec_macd_histogram|sec_macd_signal_9|sec_momentum_10d|sec_rolling_volatility_20d|sec_rsi_14|sector_spy_close_ratio|spy_annualized_volatility_20d|spy_daily_return|spy_macd_12_26|spy_macd_histogram|spy_macd_signal_9|spy_momentum_10d|spy_rolling_volatility_20d|spy_rsi_14|unemployment_rate
