date,trigger_type,one_way_turnover,transaction_cost_nav_pct,target_weights_json,final_weights_json,diagnostics_json
2025-09-24,TIME_BASED,0.30000000000000004,0.0004500000000000001,"{""XLB"": 0.0, ""XLE"": 0.19999999999999957, ""XLF"": 0.0, ""XLI"": 0.3, ""XLK"": 0.0, ""XLP"": 0.0, ""XLU"": 0.0, ""XLV"": 0.35, ""XLY"": 0.0, ""SPY"": 0.15000000000000047, ""CASH"": 0.0}","{""XLB"": 0.0, ""XLE"": 0.07058823529411754, ""XLF"": 0.0, ""XLI"": 0.10588235294117652, ""XLK"": 0.0, ""XLP"": 0.0, ""XLU"": 0.0, ""XLV"": 0.12352941176470594, ""XLY"": 0.0, ""SPY"": 0.7, ""CASH"": 0.0}","{""target"": {""asof_date"": ""2025-09-24"", ""selected_tickers"": [""XLE"", ""XLV"", ""XLI""], ""overlay"": {""target_vol"": 0.12, ""force_cash"": false, ""max_sector_exposure"": 1.0, ""max_sector_count"": 3, ""trigger_type"": ""TIME_BASED"", ""triggers"": []}, ""defensive_asset"": ""SPY"", ""method"": ""Risk parity baseline with deterministic edge tilt, annualized volatility targeting, and constrained projection"", ""risk_parity_weights"": {""XLE"": 0.2884454288977301, ""XLV"": 0.3029399630404193, ""XLI"": 0.4086146080618506}, ""tilted_relative_weights"": {""XLE"": 0.29590374302178934, ""XLV"": 0.3048770868847873, ""XLI"": 0.3992191700934233}, ""sector_exposure_after_vol_target"": 1.0, ""final_sector_exposure"": 0.8499999999999995, ""constraint_errors"": []}, ""trade"": {""raw_one_way_turnover"": 0.8499999999999995, ""allowed_one_way_turnover"": 0.3, ""executed_one_way_turnover"": 0.30000000000000004, ""turnover_scale_factor"": 0.3529411764705884, ""rolling_annual_turnover_before_trade"": 0.0, ""trigger_type"": ""TIME_BASED""}}"
2025-10-23,TIME_BASED,0.29999999999999993,0.00044999999999999993,"{""XLB"": 0.0, ""XLE"": 0.19999999999999996, ""XLF"": 0.0, ""XLI"": 0.26241484739141824, ""XLK"": 0.1875851526085819, ""XLP"": 0.0, ""XLU"": 0.0, ""XLV"": 0.0, ""XLY"": 0.0, ""SPY"": 0.34999999999999987, ""CASH"": 0.0}","{""XLB"": 0.0, ""XLE"": 0.1525758129338691, ""XLF"": 0.0, ""XLI"": 0.20505200781027372, ""XLK"": 0.11884276749115123, ""XLP"": 0.0, ""XLU"": 0.0, ""XLV"": 0.045268542199488546, ""XLY"": 0.0, ""SPY"": 0.4782608695652174, ""CASH"": 0.0}","{""target"": {""asof_date"": ""2025-10-23"", ""selected_tickers"": [""XLK"", ""XLI"", ""XLE""], ""overlay"": {""target_vol"": 0.12, ""force_cash"": false, ""max_sector_exposure"": 1.0, ""max_sector_count"": 3, ""trigger_type"": ""TIME_BASED"", ""triggers"": []}, ""defensive_asset"": ""SPY"", ""method"": ""Risk parity baseline with deterministic edge tilt, annualized volatility targeting, and constrained projection"", ""risk_parity_weights"": {""XLK"": 0.2866455571796009, ""XLI"": 0.37520909209427755, ""XLE"": 0.3381453507261216}, ""tilted_relative_weights"": {""XLK"": 0.29575174482072125, ""XLI"": 0.37197436043402027, ""XLE"": 0.3322738947452584}, ""sector_exposure_after_vol_target"": 0.9817249522897625, ""final_sector_exposure"": 0.6500000000000001, ""constraint_errors"": []}, ""trade"": {""raw_one_way_turnover"": 0.47352941176470603, ""allowed_one_way_turnover"": 0.3, ""executed_one_way_turnover"": 0.29999999999999993, ""turnover_scale_factor"": 0.6335403726708072, ""rolling_annual_turnover_before_trade"": 0.30000000000000004, ""trigger_type"": ""TIME_BASED""}}"
2025-11-21,TIME_BASED,0.29999999999999993,0.00044999999999999993,"{""XLB"": 0.0, ""XLE"": 0.0, ""XLF"": 0.0, ""XLI"": 0.29999999999999993, ""XLK"": 0.16447066101098254, ""XLP"": 0.0, ""XLU"": 0.0, ""XLV"": 0.0, ""XLY"": 0.18552933898901758, ""SPY"": 0.0, ""CASH"": 0.35}","{""XLB"": 0.0, ""XLE"": 0.08487519148020797, ""XLF"": 0.0, ""XLI"": 0.24718213285052457, ""XLK"": 0.13908868122751086, ""XLP"": 0.0, ""XLU"": 0.0, ""XLV"": 0.025182079081412328, ""XLY"": 0.08232269129634279, ""SPY"": 0.2660479541369548, ""CASH"": 0.15530126992704674}","{""target"": {""asof_date"": ""2025-11-21"", ""selected_tickers"": [""XLI"", ""XLK"", ""XLY""], ""overlay"": {""target_vol"": 0.12, ""force_cash"": false, ""max_sector_exposure"": 1.0, ""max_sector_count"": 3, ""trigger_type"": ""TIME_BASED"", ""triggers"": []}, ""defensive_asset"": ""CASH"", ""method"": ""Risk parity baseline with deterministic edge tilt, annualized volatility targeting, and constrained projection"", ""defensive_asset_override"": ""SPY-only volatility 12.13% exceeded target 12.00%; cash used for unallocated risk budget."", ""risk_parity_weights"": {""XLI"": 0.43446298523082455, ""XLK"": 0.2682384963022265, ""XLY"": 0.29729851846694894}, ""tilted_relative_weights"": {""XLI"": 0.4453145018697177, ""XLK"": 0.2644720706550332, ""XLY"": 0.29021342747524914}, ""sector_exposure_after_vol_target"": 0.8180873341337136, ""final_sector_exposure"": 0.65, ""constraint_errors"": []}, ""trade"": {""raw_one_way_turnover"": 0.676105224698575, ""allowed_one_way_turnover"": 0.3, ""executed_one_way_turnover"": 0.29999999999999993, ""turnover_scale_factor"": 0.4437179140772764, ""rolling_annual_turnover_before_trade"": 0.6, ""trigger_type"": ""TIME_BASED""}}"
2025-12-23,TIME_BASED,0.29999999999999993,0.00044999999999999993,"{""XLB"": 0.3, ""XLE"": 0.0, ""XLF"": 0.0, ""XLI"": 0.3, ""XLK"": 0.0, ""XLP"": 0.35, ""XLU"": 0.0, ""XLV"": 0.0, ""XLY"": 0.0, ""SPY"": 0.0, ""CASH"": 0.050000000000000044}","{""XLB"": 0.12805593626272843, ""XLE"": 0.048645951111953356, ""XLF"": 0.0, ""XLI"": 0.2697276042812795, ""XLK"": 0.07971824356705391, ""XLP"": 0.1493985923065165, ""XLU"": 0.0, ""XLV"": 0.025182079081412328, ""XLY"": 0.04718299359760698, ""SPY"": 0.1524845546109842, ""CASH"": 0.09960404518046476}","{""target"": {""asof_date"": ""2025-12-23"", ""selected_tickers"": [""XLB"", ""XLI"", ""XLP""], ""overlay"": {""target_vol"": 0.12, ""force_cash"": false, ""max_sector_exposure"": 1.0, ""max_sector_count"": 3, ""trigger_type"": ""TIME_BASED"", ""triggers"": []}, ""defensive_asset"": ""CASH"", ""method"": ""Risk parity baseline with deterministic edge tilt, annualized volatility targeting, and constrained projection"", ""defensive_asset_override"": ""SPY-only volatility 12.80% exceeded target 12.00%; cash used for unallocated risk budget."", ""risk_parity_weights"": {""XLB"": 0.24223710919642844, ""XLI"": 0.33026038350106274, ""XLP"": 0.4275025073025089}, ""tilted_relative_weights"": {""XLB"": 0.24915145431130598, ""XLI"": 0.33208186598114764, ""XLP"": 0.41876667970754633}, ""sector_exposure_after_vol_target"": 1.0, ""final_sector_exposure"": 0.95, ""constraint_errors"": []}, ""trade"": {""raw_one_way_turnover"": 0.7028178671494756, ""allowed_one_way_turnover"": 0.3, ""executed_one_way_turnover"": 0.29999999999999993, ""turnover_scale_factor"": 0.4268531208757615, ""rolling_annual_turnover_before_trade"": 0.8999999999999999, ""trigger_type"": ""TIME_BASED""}}"
2026-01-26,TIME_BASED,0.2877835693544925,0.0004316753540317388,"{""XLB"": 0.0, ""XLE"": 0.0, ""XLF"": 0.0, ""XLI"": 0.0, ""XLK"": 0.29999999999999927, ""XLP"": 0.3135897301433174, ""XLU"": 0.18641026985668335, ""XLV"": 0.0, ""XLY"": 0.0, ""SPY"": 0.19999999999999996, ""CASH"": 0.0}","{""XLB"": 0.06593292969756083, ""XLE"": 0.025046633278717662, ""XLF"": 0.0, ""XLI"": 0.13887627305369402, ""XLK"": 0.18658220786617324, ""XLP"": 0.2290516519885823, ""XLU"": 0.09043209363103888, ""XLV"": 0.025182079081412328, ""XLY"": 0.02429339154890031, ""SPY"": 0.1633190063532527, ""CASH"": 0.051283733500667714}","{""target"": {""asof_date"": ""2026-01-26"", ""selected_tickers"": [""XLK"", ""XLP"", ""XLU""], ""overlay"": {""target_vol"": 0.12, ""force_cash"": false, ""max_sector_exposure"": 1.0, ""max_sector_count"": 3, ""trigger_type"": ""TIME_BASED"", ""triggers"": []}, ""defensive_asset"": ""SPY"", ""method"": ""Risk parity baseline with deterministic edge tilt, annualized volatility targeting, and constrained projection"", ""risk_parity_weights"": {""XLK"": 0.2781243342449078, ""XLP"": 0.42296407331345154, ""XLU"": 0.29891159244164067}, ""tilted_relative_weights"": {""XLK"": 0.2864406282086351, ""XLP"": 0.420369416024068, ""XLU"": 0.2931899557672968}, ""sector_exposure_after_vol_target"": 1.0, ""final_sector_exposure"": 0.8, ""constraint_errors"": []}, ""trade"": {""raw_one_way_turnover"": 0.6183986095154453, ""allowed_one_way_turnover"": 0.3, ""executed_one_way_turnover"": 0.2877835693544925, ""turnover_scale_factor"": 0.48512398861159967, ""rolling_annual_turnover_before_trade"": 1.1999999999999997, ""trigger_type"": ""TIME_BASED""}}"
2026-02-25,TIME_BASED,0.27734879331275547,0.0004160231899691332,"{""XLB"": 0.16549604982345123, ""XLE"": 0.13450395017654865, ""XLF"": 0.0, ""XLI"": 0.0, ""XLK"": 0.0, ""XLP"": 0.0, ""XLU"": 0.3499999999999999, ""XLV"": 0.0, ""XLY"": 0.0, ""SPY"": 0.3500000000000002, ""CASH"": 0.0}","{""XLB"": 0.11151561509028476, ""XLE"": 0.07515914917593775, ""XLF"": 0.0, ""XLI"": 0.07529496448164162, ""XLK"": 0.10115983389587442, ""XLP"": 0.12418561948500458, ""XLU"": 0.2092692915724444, ""XLV"": 0.025182079081412328, ""XLY"": 0.02429339154890031, ""SPY"": 0.22613540043465874, ""CASH"": 0.027804655233841177}","{""target"": {""asof_date"": ""2026-02-25"", ""selected_tickers"": [""XLE"", ""XLB"", ""XLU""], ""overlay"": {""target_vol"": 0.12, ""force_cash"": false, ""max_sector_exposure"": 1.0, ""max_sector_count"": 3, ""trigger_type"": ""TIME_BASED"", ""triggers"": []}, ""defensive_asset"": ""SPY"", ""method"": ""Risk parity baseline with deterministic edge tilt, annualized volatility targeting, and constrained projection"", ""risk_parity_weights"": {""XLE"": 0.27088867915074955, ""XLB"": 0.31696088788280025, ""XLU"": 0.41215043296645026}, ""tilted_relative_weights"": {""XLE"": 0.2799947030874958, ""XLB"": 0.3142862269887083, ""XLU"": 0.40571906992379597}, ""sector_exposure_after_vol_target"": 0.9037830934746289, ""final_sector_exposure"": 0.6499999999999998, ""constraint_errors"": []}, ""trade"": {""raw_one_way_turnover"": 0.65526933703943, ""allowed_one_way_turnover"": 0.3, ""executed_one_way_turnover"": 0.27734879331275547, ""turnover_scale_factor"": 0.45782700798335674, ""rolling_annual_turnover_before_trade"": 1.4877835693544923, ""trigger_type"": ""TIME_BASED""}}"
2026-03-23,EMERGENCY_TREND,0.32795549200049146,0.0004919332380007372,"{""XLB"": 0.1514104310061395, ""XLE"": 0.14858956899386044, ""XLF"": 0.0, ""XLI"": 0.0, ""XLK"": 0.0, ""XLP"": 0.0, ""XLU"": 0.0, ""XLV"": 0.0, ""XLY"": 0.0, ""SPY"": 0.0, ""CASH"": 0.7000000000000001}","{""XLB"": 0.11151561509028476, ""XLE"": 0.10787712955006878, ""XLF"": 0.0, ""XLI"": 0.041746209397717116, ""XLK"": 0.0560866139924286, ""XLP"": 0.06885292942093423, ""XLU"": 0.11602634686978619, ""XLV"": 0.025182079081412328, ""XLY"": 0.02429339154890031, ""SPY"": 0.12537751818826615, ""CASH"": 0.32304216686020154}","{""target"": {""asof_date"": ""2026-03-23"", ""selected_tickers"": [""XLE"", ""XLB""], ""overlay"": {""target_vol"": 0.1, ""force_cash"": true, ""max_sector_exposure"": 0.6, ""max_sector_count"": 2, ""trigger_type"": ""EMERGENCY_TREND"", ""triggers"": [""SPY below 200-day SMA for 3 consecutive trading days""]}, ""defensive_asset"": ""CASH"", ""method"": ""Risk parity baseline with deterministic edge tilt, annualized volatility targeting, and constrained projection"", ""risk_parity_weights"": {""XLE"": 0.48544623557424404, ""XLB"": 0.514553764425756}, ""tilted_relative_weights"": {""XLE"": 0.49763968184183216, ""XLB"": 0.5023603181581678}, ""sector_exposure_after_vol_target"": 0.5975724405142395, ""final_sector_exposure"": 0.29999999999999993, ""constraint_errors"": []}, ""trade"": {""raw_one_way_turnover"": 0.7855205804999363, ""allowed_one_way_turnover"": 0.35, ""executed_one_way_turnover"": 0.32795549200049146, ""turnover_scale_factor"": 0.44556439218593885, ""rolling_annual_turnover_before_trade"": 1.7651323626672477, ""trigger_type"": ""EMERGENCY_TREND""}}"
2026-03-24,EMERGENCY_TREND,0.31215529734272884,0.0004682329460140933,"{""XLB"": 0.14992262801518563, ""XLE"": 0.15007737198481463, ""XLF"": 0.0, ""XLI"": 0.0, ""XLK"": 0.0, ""XLP"": 0.0, ""XLU"": 0.0, ""XLV"": 0.0, ""XLY"": 0.0, ""SPY"": 0.0, ""CASH"": 0.6999999999999997}","{""XLB"": 0.14089384970997343, ""XLE"": 0.14015687558707213, ""XLF"": 0.0, ""XLI"": 0.009813761629209716, ""XLK"": 0.013184925487900519, ""XLP"": 0.01618605010031881, ""XLU"": 0.027275647952610324, ""XLV"": 0.025182079081412328, ""XLY"": 0.02429339154890031, ""SPY"": 0.029473935356364, ""CASH"": 0.5735394835462384}","{""target"": {""asof_date"": ""2026-03-24"", ""selected_tickers"": [""XLE"", ""XLB""], ""overlay"": {""target_vol"": 0.1, ""force_cash"": true, ""max_sector_exposure"": 0.6, ""max_sector_count"": 2, ""trigger_type"": ""EMERGENCY_TREND"", ""triggers"": [""SPY below 200-day SMA for 3 consecutive trading days""]}, ""defensive_asset"": ""CASH"", ""method"": ""Risk parity baseline with deterministic edge tilt, annualized volatility targeting, and constrained projection"", ""risk_parity_weights"": {""XLE"": 0.48793682812878797, ""XLB"": 0.512063171871212}, ""tilted_relative_weights"": {""XLE"": 0.5001320277714074, ""XLB"": 0.4998679722285925}, ""sector_exposure_after_vol_target"": 0.5858094858043169, ""final_sector_exposure"": 0.30000000000000027, ""constraint_errors"": []}, ""trade"": {""raw_one_way_turnover"": 0.4575650884994449, ""allowed_one_way_turnover"": 0.35, ""executed_one_way_turnover"": 0.31215529734272884, ""turnover_scale_factor"": 0.7649184974924602, ""rolling_annual_turnover_before_trade"": 2.0930878546677394, ""trigger_type"": ""EMERGENCY_TREND""}}"
2026-03-26,EMERGENCY_TREND,0.09475684798953175,0.00014213527198429763,"{""XLB"": 0.0, ""XLE"": 0.0, ""XLF"": 0.0, ""XLI"": 0.0, ""XLK"": 0.24677424313314592, ""XLP"": 0.0, ""XLU"": 0.0, ""XLV"": 0.0, ""XLY"": 0.3, ""SPY"": 0.0, ""CASH"": 0.45322575686685407}","{""XLB"": 0.11467990136375732, ""XLE"": 0.11408004466386633, ""XLF"": 0.0, ""XLI"": 0.009813761629209716, ""XLK"": 0.05664529171101807, ""XLP"": 0.01618605010031881, ""XLU"": 0.027275647952610324, ""XLV"": 0.025182079081412328, ""XLY"": 0.07558987331531453, ""SPY"": 0.029473935356364, ""CASH"": 0.5310734148261286}","{""target"": {""asof_date"": ""2026-03-26"", ""selected_tickers"": [""XLY"", ""XLK""], ""overlay"": {""target_vol"": 0.1, ""force_cash"": true, ""max_sector_exposure"": 0.6, ""max_sector_count"": 2, ""trigger_type"": ""EMERGENCY_TREND"", ""triggers"": [""SPY below 200-day SMA for 3 consecutive trading days"", ""Only 2 BUY sectors: sector exposure capped at 80%""]}, ""defensive_asset"": ""CASH"", ""method"": ""Risk parity baseline with deterministic edge tilt, annualized volatility targeting, and constrained projection"", ""risk_parity_weights"": {""XLY"": 0.5586500183647054, ""XLK"": 0.4413499816352947}, ""tilted_relative_weights"": {""XLY"": 0.570643032260344, ""XLK"": 0.429356967739656}, ""sector_exposure_after_vol_target"": 0.5489868303315065, ""final_sector_exposure"": 0.5467742431331459, ""constraint_errors"": []}, ""trade"": {""raw_one_way_turnover"": 0.5092959260963451, ""allowed_one_way_turnover"": 0.09475684798953177, ""executed_one_way_turnover"": 0.09475684798953175, ""turnover_scale_factor"": 0.18605459642260386, ""rolling_annual_turnover_before_trade"": 2.4052431520104682, ""trigger_type"": ""EMERGENCY_TREND""}}"
