ticker,sector,target,horizon_days,scenario,train_start,fund_policy,feature_mode,engineered,recency_half_life,top_k,feature_profile,raw_feature_count,train_rows,validation_rows,test_rows,test_pos,test_neg,model_type,model,threshold,val_accuracy,val_auc,selected_feature_count,selected_features,test_accuracy,test_balanced_accuracy,test_auc,test_f1,test_precision,test_recall,acc_auc_balanced_score,ensemble_base_models,ensemble_weighting,ensemble_weights
XLB,Materials,sector_outperformance_vs_spy_gt_1pct,21,recent3_keep_engineered,2023-05-20,keep,all,True,,,macro_numeric,8,279,143,125,73,52,base,logistic_l2_C5,0.41764143428532385,0.7482517482517482,0.6723243752946724,8,core_cpi_inflation_yoy|cpi_inflation_yoy|fed_funds_rate|nominal_gdp|real_fed_funds_rate_approx|real_gdp_growth_qoq_annualized|real_gdp_growth_yoy|unemployment_rate,0.896,0.910958904109589,0.9571917808219179,0.9022556390977443,1.0,0.821917808219178,0.9255856242099894,,,
XLE,Energy,sector_outperformance_vs_spy_gt_1pct,21,recent3_all_engineered_recency126_top30,2023-05-20,keep,all,True,126.0,30.0,relative_technical+macro_numeric+regime_tags,84,366,154,131,88,43,base,logistic_l2_C5,0.4945231475171258,0.7012987012987013,0.732948896400875,30,core_cpi_inflation_yoy|cpi_inflation_yoy|fed_funds_rate|financial_conditions_proxy_regime_Supportive Financial Conditions Proxy|growth_momentum_regime_Accelerating Growth|growth_momentum_regime_Decelerating Growth|growth_momentum_regime_Stable Growth|growth_regime_Expansion|growth_regime_Strong Expansion|inflation_momentum_regime_Rapid Disinflation|inflation_momentum_regime_Stable Inflation|interest_rate_regime_Hiking|interest_rate_regime_Stable|labor_cycle_detailed_regime_Extremely Tight Labor Market / Stable|labor_cycle_detailed_regime_Extremely Tight Labor Market / Weakening|labor_cycle_detailed_regime_Strong Labor Market / Weakening|monetary_policy_regime_Accommodative|nominal_gdp|policy_cycle_regime_Restrictive Hold|policy_cycle_regime_Tightening Cycle|real_gdp_growth_qoq_annualized|real_gdp_growth_yoy|rel_annualized_volatility_20d|rel_macd_12_26|rel_macd_histogram|rel_macd_signal_9|rel_rolling_volatility_20d|rel_vol_ratio_20d|sector_spy_close_ratio|unemployment_rate,0.6335877862595419,0.6142970401691332,0.7420718816067653,0.7108433734939759,0.7564102564102564,0.6704545454545454,0.6835523228531205,,,
XLF,Financials,sector_outperformance_vs_spy_gt_1pct,21,full_keep,full,keep,all,False,,,sector_technical+spy_technical+relative_technical+history_lags+macro_numeric+sector_fundamentals+regime_tags+calendar,165,1588,146,117,36,81,base,logistic_l2_C0.2,0.993997338534828,0.6506849315068494,0.34791666666666665,165,active_daily_return|cal_dayofweek_0|cal_dayofweek_1|cal_dayofweek_2|cal_dayofweek_3|cal_dayofweek_4|cal_month_1|cal_month_10|cal_month_11|cal_month_12|cal_month_2|cal_month_3|cal_month_4|cal_month_5|cal_month_6|cal_month_7|cal_month_8|cal_month_9|cal_quarter_1|cal_quarter_2|cal_quarter_3|cal_quarter_4|cal_year|core_cpi_inflation_yoy|cpi_inflation_yoy|debt_to_equity|dividend_yield|eps_growth|fed_funds_rate|financial_conditions_proxy_regime_Neutral Financial Conditions Proxy|financial_conditions_proxy_regime_Restrictive Financial Conditions Proxy|financial_conditions_proxy_regime_Supportive Financial Conditions Proxy|financial_conditions_proxy_regime_Very Supportive Financial Conditions Proxy|forward_pe|growth_momentum_regime_Accelerating Growth|growth_momentum_regime_Decelerating Growth|growth_momentum_regime_Negative Momentum|growth_momentum_regime_Stable Growth|growth_regime_Contraction|growth_regime_Expansion|growth_regime_Moderate Growth|growth_regime_Strong Expansion|inflation_momentum_regime_Disinflation|inflation_momentum_regime_Inflation Acceleration|inflation_momentum_regime_Insufficient History|inflation_momentum_regime_Rapid Disinflation|inflation_momentum_regime_Reinflation|inflation_momentum_regime_Stable Inflation|inflation_regime_Elevated Inflation|inflation_regime_Extreme Inflation|inflation_regime_High Inflation|inflation_regime_Low Inflation|inflation_regime_Normal Inflation|interest_rate_regime_Aggressive Cutting|interest_rate_regime_Aggressive Hiking|interest_rate_regime_Cutting|interest_rate_regime_Hiking|interest_rate_regime_Insufficient History|interest_rate_regime_Stable|labor_cycle_detailed_regime_Extremely Tight Labor Market / Improving|labor_cycle_detailed_regime_Extremely Tight Labor Market / Stable|labor_cycle_detailed_regime_Extremely Tight Labor Market / Weakening|labor_cycle_detailed_regime_Moderate Labor Market|labor_cycle_detailed_regime_Moderate Labor Market / Improving|labor_cycle_detailed_regime_Moderate Labor Market / Stable|labor_cycle_detailed_regime_Severe Labor Weakness / Improving|labor_cycle_detailed_regime_Severe Labor Weakness / Rapidly Weakening|labor_cycle_detailed_regime_Strong Labor Market|labor_cycle_detailed_regime_Strong Labor Market / Improving|labor_cycle_detailed_regime_Strong Labor Market / Rapidly Weakening|labor_cycle_detailed_regime_Strong Labor Market / Stable|labor_cycle_detailed_regime_Strong Labor Market / Weakening|labor_cycle_detailed_regime_Weak Labor Market / Improving|labor_market_regime_Extremely Tight Labor Market|labor_market_regime_Moderate Labor Market|labor_market_regime_Severe Labor Weakness|labor_market_regime_Strong Labor Market|labor_market_regime_Weak Labor Market|lag_active_return_10d|lag_active_return_1d|lag_active_return_2d|lag_active_return_3d|lag_active_return_5d|lag_sec_return_10d|lag_sec_return_1d|lag_sec_return_2d|lag_sec_return_3d|lag_sec_return_5d|lag_spy_return_10d|lag_spy_return_1d|lag_spy_return_2d|lag_spy_return_3d|lag_spy_return_5d|macro_regime_tag_Goldilocks / Easy Policy Expansion|macro_regime_tag_Goldilocks / Stable Expansion|macro_regime_tag_Inflationary Expansion|macro_regime_tag_Inflationary Expansion / Tightening|macro_regime_tag_Mixed / Transitional Macro Regime|macro_regime_tag_Overheating / Very High Inflation|macro_regime_tag_Recession / Contraction Risk|monetary_policy_regime_Accommodative|monetary_policy_regime_Highly Accommodative|monetary_policy_regime_Neutral|monetary_policy_regime_Restrictive|nominal_gdp|pe_ratio|policy_cycle_regime_Accommodative Hold|policy_cycle_regime_Aggressive Easing Cycle|policy_cycle_regime_Aggressive Tightening Cycle|policy_cycle_regime_Easing Cycle|policy_cycle_regime_Neutral Policy Hold|policy_cycle_regime_Restrictive Hold|policy_cycle_regime_Tightening Cycle|profit_margin|real_fed_funds_rate_approx|real_gdp_growth_qoq_annualized|real_gdp_growth_yoy|rel_annualized_volatility_20d|rel_daily_return|rel_macd_12_26|rel_macd_histogram|rel_macd_signal_9|rel_momentum_10d|rel_rolling_volatility_20d|rel_rsi_14|rel_vol_ratio_20d|revenue_growth|roll_active_mean_10d|roll_active_mean_21d|roll_active_mean_5d|roll_active_mean_63d|roll_active_std_10d|roll_active_std_21d|roll_active_std_5d|roll_active_std_63d|roll_close_ratio_return_10d|roll_close_ratio_return_21d|roll_close_ratio_return_5d|roll_close_ratio_return_63d|roll_sec_return_10d|roll_sec_return_21d|roll_sec_return_5d|roll_sec_return_63d|roll_spy_return_10d|roll_spy_return_21d|roll_spy_return_5d|roll_spy_return_63d|sec_annualized_volatility_20d|sec_daily_return|sec_macd_12_26|sec_macd_histogram|sec_macd_signal_9|sec_momentum_10d|sec_rolling_volatility_20d|sec_rsi_14|sector_spy_close_ratio|spy_annualized_volatility_20d|spy_daily_return|spy_macd_12_26|spy_macd_histogram|spy_macd_signal_9|spy_momentum_10d|spy_rolling_volatility_20d|spy_rsi_14|unemployment_rate,0.8290598290598291,0.7762345679012346,0.8511659807956105,0.696969696969697,0.7666666666666667,0.6388888888888888,0.8399674834189859,,,
XLI,Industrials,sector_outperformance_vs_spy_gt_1pct,21,recent3_keep_engineered,2023-05-20,keep,all,True,,,macro_numeric,8,280,130,119,57,62,base,logistic_l2_C0.2,0.06199877698475012,0.8692307692307693,0.9398907103825137,8,core_cpi_inflation_yoy|cpi_inflation_yoy|fed_funds_rate|nominal_gdp|real_fed_funds_rate_approx|real_gdp_growth_qoq_annualized|real_gdp_growth_yoy|unemployment_rate,0.9411764705882353,0.9400113186191285,0.9202037351443124,0.9369369369369369,0.9629629629629629,0.9122807017543859,0.9305719497800193,,,
XLK,Information Technology,sector_outperformance_vs_spy_gt_1pct,21,recent2_keep_engineered,2024-01-01,keep,all,True,,,macro_numeric,8,178,160,104,58,46,ensemble,ensemble_aucw_logit_et_hgb,0.3550375324798728,0.75,0.8013015551048006,8,core_cpi_inflation_yoy|cpi_inflation_yoy|fed_funds_rate|nominal_gdp|real_fed_funds_rate_approx|real_gdp_growth_qoq_annualized|real_gdp_growth_yoy|unemployment_rate,0.8365384615384616,0.8309595202398801,0.875,0.8571428571428571,0.8360655737704918,0.8793103448275862,0.8553370786516853,logistic_l2_C0.2|extra_trees_depth5_leaf10|hist_gb_lr0.06_leaf15_l20.1,val_auc,0.279539|0.000000|0.720461
XLP,Consumer Staples,sector_outperformance_vs_spy_gt_1pct,21,recent2_keep_engineered,2024-01-01,keep,all,True,,,macro_numeric+regime_tags,74,209,161,119,48,71,base,logistic_l2_C5,0.002467074800717529,0.8633540372670807,0.8000524109014675,74,core_cpi_inflation_yoy|cpi_inflation_yoy|fed_funds_rate|financial_conditions_proxy_regime_Neutral Financial Conditions Proxy|financial_conditions_proxy_regime_Restrictive Financial Conditions Proxy|financial_conditions_proxy_regime_Supportive Financial Conditions Proxy|financial_conditions_proxy_regime_Very Supportive Financial Conditions Proxy|growth_momentum_regime_Accelerating Growth|growth_momentum_regime_Decelerating Growth|growth_momentum_regime_Negative Momentum|growth_momentum_regime_Stable Growth|growth_regime_Contraction|growth_regime_Expansion|growth_regime_Moderate Growth|growth_regime_Strong Expansion|inflation_momentum_regime_Disinflation|inflation_momentum_regime_Inflation Acceleration|inflation_momentum_regime_Insufficient History|inflation_momentum_regime_Rapid Disinflation|inflation_momentum_regime_Reinflation|inflation_momentum_regime_Stable Inflation|inflation_regime_Elevated Inflation|inflation_regime_Extreme Inflation|inflation_regime_High Inflation|inflation_regime_Low Inflation|inflation_regime_Normal Inflation|interest_rate_regime_Aggressive Cutting|interest_rate_regime_Aggressive Hiking|interest_rate_regime_Cutting|interest_rate_regime_Hiking|interest_rate_regime_Insufficient History|interest_rate_regime_Stable|labor_cycle_detailed_regime_Extremely Tight Labor Market / Improving|labor_cycle_detailed_regime_Extremely Tight Labor Market / Stable|labor_cycle_detailed_regime_Extremely Tight Labor Market / Weakening|labor_cycle_detailed_regime_Moderate Labor Market|labor_cycle_detailed_regime_Moderate Labor Market / Improving|labor_cycle_detailed_regime_Moderate Labor Market / Stable|labor_cycle_detailed_regime_Severe Labor Weakness / Improving|labor_cycle_detailed_regime_Severe Labor Weakness / Rapidly Weakening|labor_cycle_detailed_regime_Strong Labor Market|labor_cycle_detailed_regime_Strong Labor Market / Improving|labor_cycle_detailed_regime_Strong Labor Market / Rapidly Weakening|labor_cycle_detailed_regime_Strong Labor Market / Stable|labor_cycle_detailed_regime_Strong Labor Market / Weakening|labor_cycle_detailed_regime_Weak Labor Market / Improving|labor_market_regime_Extremely Tight Labor Market|labor_market_regime_Moderate Labor Market|labor_market_regime_Severe Labor Weakness|labor_market_regime_Strong Labor Market|labor_market_regime_Weak Labor Market|macro_regime_tag_Goldilocks / Easy Policy Expansion|macro_regime_tag_Goldilocks / Stable Expansion|macro_regime_tag_Inflationary Expansion|macro_regime_tag_Inflationary Expansion / Tightening|macro_regime_tag_Mixed / Transitional Macro Regime|macro_regime_tag_Overheating / Very High Inflation|macro_regime_tag_Recession / Contraction Risk|monetary_policy_regime_Accommodative|monetary_policy_regime_Highly Accommodative|monetary_policy_regime_Neutral|monetary_policy_regime_Restrictive|nominal_gdp|policy_cycle_regime_Accommodative Hold|policy_cycle_regime_Aggressive Easing Cycle|policy_cycle_regime_Aggressive Tightening Cycle|policy_cycle_regime_Easing Cycle|policy_cycle_regime_Neutral Policy Hold|policy_cycle_regime_Restrictive Hold|policy_cycle_regime_Tightening Cycle|real_fed_funds_rate_approx|real_gdp_growth_qoq_annualized|real_gdp_growth_yoy|unemployment_rate,0.8739495798319328,0.880868544600939,0.8779342723004695,0.8543689320388349,0.8,0.9166666666666666,0.8759373944375634,,,
XLU,Utilities,sector_outperformance_vs_spy_gt_1pct,21,full_keep,full,keep,all,False,,,sector_technical+spy_technical+relative_technical+history_lags+macro_numeric+sector_fundamentals+regime_tags+calendar,165,1783,153,117,42,75,base,extra_trees_depthNone_leaf15,0.6644206817776668,0.7712418300653595,0.7498287671232877,165,active_daily_return|cal_dayofweek_0|cal_dayofweek_1|cal_dayofweek_2|cal_dayofweek_3|cal_dayofweek_4|cal_month_1|cal_month_10|cal_month_11|cal_month_12|cal_month_2|cal_month_3|cal_month_4|cal_month_5|cal_month_6|cal_month_7|cal_month_8|cal_month_9|cal_quarter_1|cal_quarter_2|cal_quarter_3|cal_quarter_4|cal_year|core_cpi_inflation_yoy|cpi_inflation_yoy|debt_to_equity|dividend_yield|eps_growth|fed_funds_rate|financial_conditions_proxy_regime_Neutral Financial Conditions Proxy|financial_conditions_proxy_regime_Restrictive Financial Conditions Proxy|financial_conditions_proxy_regime_Supportive Financial Conditions Proxy|financial_conditions_proxy_regime_Very Supportive Financial Conditions Proxy|forward_pe|growth_momentum_regime_Accelerating Growth|growth_momentum_regime_Decelerating Growth|growth_momentum_regime_Negative Momentum|growth_momentum_regime_Stable Growth|growth_regime_Contraction|growth_regime_Expansion|growth_regime_Moderate Growth|growth_regime_Strong Expansion|inflation_momentum_regime_Disinflation|inflation_momentum_regime_Inflation Acceleration|inflation_momentum_regime_Insufficient History|inflation_momentum_regime_Rapid Disinflation|inflation_momentum_regime_Reinflation|inflation_momentum_regime_Stable Inflation|inflation_regime_Elevated Inflation|inflation_regime_Extreme Inflation|inflation_regime_High Inflation|inflation_regime_Low Inflation|inflation_regime_Normal Inflation|interest_rate_regime_Aggressive Cutting|interest_rate_regime_Aggressive Hiking|interest_rate_regime_Cutting|interest_rate_regime_Hiking|interest_rate_regime_Insufficient History|interest_rate_regime_Stable|labor_cycle_detailed_regime_Extremely Tight Labor Market / Improving|labor_cycle_detailed_regime_Extremely Tight Labor Market / Stable|labor_cycle_detailed_regime_Extremely Tight Labor Market / Weakening|labor_cycle_detailed_regime_Moderate Labor Market|labor_cycle_detailed_regime_Moderate Labor Market / Improving|labor_cycle_detailed_regime_Moderate Labor Market / Stable|labor_cycle_detailed_regime_Severe Labor Weakness / Improving|labor_cycle_detailed_regime_Severe Labor Weakness / Rapidly Weakening|labor_cycle_detailed_regime_Strong Labor Market|labor_cycle_detailed_regime_Strong Labor Market / Improving|labor_cycle_detailed_regime_Strong Labor Market / Rapidly Weakening|labor_cycle_detailed_regime_Strong Labor Market / Stable|labor_cycle_detailed_regime_Strong Labor Market / Weakening|labor_cycle_detailed_regime_Weak Labor Market / Improving|labor_market_regime_Extremely Tight Labor Market|labor_market_regime_Moderate Labor Market|labor_market_regime_Severe Labor Weakness|labor_market_regime_Strong Labor Market|labor_market_regime_Weak Labor Market|lag_active_return_10d|lag_active_return_1d|lag_active_return_2d|lag_active_return_3d|lag_active_return_5d|lag_sec_return_10d|lag_sec_return_1d|lag_sec_return_2d|lag_sec_return_3d|lag_sec_return_5d|lag_spy_return_10d|lag_spy_return_1d|lag_spy_return_2d|lag_spy_return_3d|lag_spy_return_5d|macro_regime_tag_Goldilocks / Easy Policy Expansion|macro_regime_tag_Goldilocks / Stable Expansion|macro_regime_tag_Inflationary Expansion|macro_regime_tag_Inflationary Expansion / Tightening|macro_regime_tag_Mixed / Transitional Macro Regime|macro_regime_tag_Overheating / Very High Inflation|macro_regime_tag_Recession / Contraction Risk|monetary_policy_regime_Accommodative|monetary_policy_regime_Highly Accommodative|monetary_policy_regime_Neutral|monetary_policy_regime_Restrictive|nominal_gdp|pe_ratio|policy_cycle_regime_Accommodative Hold|policy_cycle_regime_Aggressive Easing Cycle|policy_cycle_regime_Aggressive Tightening Cycle|policy_cycle_regime_Easing Cycle|policy_cycle_regime_Neutral Policy Hold|policy_cycle_regime_Restrictive Hold|policy_cycle_regime_Tightening Cycle|profit_margin|real_fed_funds_rate_approx|real_gdp_growth_qoq_annualized|real_gdp_growth_yoy|rel_annualized_volatility_20d|rel_daily_return|rel_macd_12_26|rel_macd_histogram|rel_macd_signal_9|rel_momentum_10d|rel_rolling_volatility_20d|rel_rsi_14|rel_vol_ratio_20d|revenue_growth|roll_active_mean_10d|roll_active_mean_21d|roll_active_mean_5d|roll_active_mean_63d|roll_active_std_10d|roll_active_std_21d|roll_active_std_5d|roll_active_std_63d|roll_close_ratio_return_10d|roll_close_ratio_return_21d|roll_close_ratio_return_5d|roll_close_ratio_return_63d|roll_sec_return_10d|roll_sec_return_21d|roll_sec_return_5d|roll_sec_return_63d|roll_spy_return_10d|roll_spy_return_21d|roll_spy_return_5d|roll_spy_return_63d|sec_annualized_volatility_20d|sec_daily_return|sec_macd_12_26|sec_macd_histogram|sec_macd_signal_9|sec_momentum_10d|sec_rolling_volatility_20d|sec_rsi_14|sector_spy_close_ratio|spy_annualized_volatility_20d|spy_daily_return|spy_macd_12_26|spy_macd_histogram|spy_macd_signal_9|spy_momentum_10d|spy_rolling_volatility_20d|spy_rsi_14|unemployment_rate,0.8803418803418803,0.8752380952380951,0.9219047619047618,0.8372093023255814,0.8181818181818182,0.8571428571428571,0.900644065653144,,,
XLV,Health Care,sector_outperformance_vs_spy_gt_1pct,21,recent2_keep_engineered,2024-01-01,keep,all,True,,,sector_technical+spy_technical+relative_technical+history_lags+macro_numeric+sector_fundamentals+regime_tags+calendar+engineered_price,190,199,154,108,44,64,base,logistic_l2_C5,0.26048972165087814,0.7922077922077922,0.8765773552290406,190,active_daily_return|cal_dayofweek_0|cal_dayofweek_1|cal_dayofweek_2|cal_dayofweek_3|cal_dayofweek_4|cal_month_1|cal_month_10|cal_month_11|cal_month_12|cal_month_2|cal_month_3|cal_month_4|cal_month_5|cal_month_6|cal_month_7|cal_month_8|cal_month_9|cal_quarter_1|cal_quarter_2|cal_quarter_3|cal_quarter_4|cal_year|core_cpi_inflation_yoy|cpi_inflation_yoy|debt_to_equity|dividend_yield|eng_active_return_126d|eng_active_return_21d|eng_active_return_63d|eng_active_z_126d|eng_active_z_21d|eng_active_z_63d|eng_beta_126d|eng_beta_21d|eng_beta_63d|eng_corr_sec_spy_126d|eng_corr_sec_spy_21d|eng_corr_sec_spy_63d|eng_macd_hist_spread|eng_momentum_spread_10d|eng_rel_strength_126d|eng_rel_strength_21d|eng_rel_strength_63d|eng_rsi_spread|eng_sec_return_126d|eng_sec_return_21d|eng_sec_return_63d|eng_spy_return_126d|eng_spy_return_21d|eng_spy_return_63d|eng_vol_spread_20d|eps_growth|fed_funds_rate|financial_conditions_proxy_regime_Neutral Financial Conditions Proxy|financial_conditions_proxy_regime_Restrictive Financial Conditions Proxy|financial_conditions_proxy_regime_Supportive Financial Conditions Proxy|financial_conditions_proxy_regime_Very Supportive Financial Conditions Proxy|forward_pe|growth_momentum_regime_Accelerating Growth|growth_momentum_regime_Decelerating Growth|growth_momentum_regime_Negative Momentum|growth_momentum_regime_Stable Growth|growth_regime_Contraction|growth_regime_Expansion|growth_regime_Moderate Growth|growth_regime_Strong Expansion|inflation_momentum_regime_Disinflation|inflation_momentum_regime_Inflation Acceleration|inflation_momentum_regime_Insufficient History|inflation_momentum_regime_Rapid Disinflation|inflation_momentum_regime_Reinflation|inflation_momentum_regime_Stable Inflation|inflation_regime_Elevated Inflation|inflation_regime_Extreme Inflation|inflation_regime_High Inflation|inflation_regime_Low Inflation|inflation_regime_Normal Inflation|interest_rate_regime_Aggressive Cutting|interest_rate_regime_Aggressive Hiking|interest_rate_regime_Cutting|interest_rate_regime_Hiking|interest_rate_regime_Insufficient History|interest_rate_regime_Stable|labor_cycle_detailed_regime_Extremely Tight Labor Market / Improving|labor_cycle_detailed_regime_Extremely Tight Labor Market / Stable|labor_cycle_detailed_regime_Extremely Tight Labor Market / Weakening|labor_cycle_detailed_regime_Moderate Labor Market|labor_cycle_detailed_regime_Moderate Labor Market / Improving|labor_cycle_detailed_regime_Moderate Labor Market / Stable|labor_cycle_detailed_regime_Severe Labor Weakness / Improving|labor_cycle_detailed_regime_Severe Labor Weakness / Rapidly Weakening|labor_cycle_detailed_regime_Strong Labor Market|labor_cycle_detailed_regime_Strong Labor Market / Improving|labor_cycle_detailed_regime_Strong Labor Market / Rapidly Weakening|labor_cycle_detailed_regime_Strong Labor Market / Stable|labor_cycle_detailed_regime_Strong Labor Market / Weakening|labor_cycle_detailed_regime_Weak Labor Market / Improving|labor_market_regime_Extremely Tight Labor Market|labor_market_regime_Moderate Labor Market|labor_market_regime_Severe Labor Weakness|labor_market_regime_Strong Labor Market|labor_market_regime_Weak Labor Market|lag_active_return_10d|lag_active_return_1d|lag_active_return_2d|lag_active_return_3d|lag_active_return_5d|lag_sec_return_10d|lag_sec_return_1d|lag_sec_return_2d|lag_sec_return_3d|lag_sec_return_5d|lag_spy_return_10d|lag_spy_return_1d|lag_spy_return_2d|lag_spy_return_3d|lag_spy_return_5d|macro_regime_tag_Goldilocks / Easy Policy Expansion|macro_regime_tag_Goldilocks / Stable Expansion|macro_regime_tag_Inflationary Expansion|macro_regime_tag_Inflationary Expansion / Tightening|macro_regime_tag_Mixed / Transitional Macro Regime|macro_regime_tag_Overheating / Very High Inflation|macro_regime_tag_Recession / Contraction Risk|monetary_policy_regime_Accommodative|monetary_policy_regime_Highly Accommodative|monetary_policy_regime_Neutral|monetary_policy_regime_Restrictive|nominal_gdp|pe_ratio|policy_cycle_regime_Accommodative Hold|policy_cycle_regime_Aggressive Easing Cycle|policy_cycle_regime_Aggressive Tightening Cycle|policy_cycle_regime_Easing Cycle|policy_cycle_regime_Neutral Policy Hold|policy_cycle_regime_Restrictive Hold|policy_cycle_regime_Tightening Cycle|profit_margin|real_fed_funds_rate_approx|real_gdp_growth_qoq_annualized|real_gdp_growth_yoy|rel_annualized_volatility_20d|rel_daily_return|rel_macd_12_26|rel_macd_histogram|rel_macd_signal_9|rel_momentum_10d|rel_rolling_volatility_20d|rel_rsi_14|rel_vol_ratio_20d|revenue_growth|roll_active_mean_10d|roll_active_mean_21d|roll_active_mean_5d|roll_active_mean_63d|roll_active_std_10d|roll_active_std_21d|roll_active_std_5d|roll_active_std_63d|roll_close_ratio_return_10d|roll_close_ratio_return_21d|roll_close_ratio_return_5d|roll_close_ratio_return_63d|roll_sec_return_10d|roll_sec_return_21d|roll_sec_return_5d|roll_sec_return_63d|roll_spy_return_10d|roll_spy_return_21d|roll_spy_return_5d|roll_spy_return_63d|sec_annualized_volatility_20d|sec_daily_return|sec_macd_12_26|sec_macd_histogram|sec_macd_signal_9|sec_momentum_10d|sec_rolling_volatility_20d|sec_rsi_14|sector_spy_close_ratio|spy_annualized_volatility_20d|spy_daily_return|spy_macd_12_26|spy_macd_histogram|spy_macd_signal_9|spy_momentum_10d|spy_rolling_volatility_20d|spy_rsi_14|unemployment_rate,0.8888888888888888,0.8742897727272727,0.9264914772727273,0.8536585365853658,0.9210526315789473,0.7954545454545454,0.907300745506314,,,
XLY,Consumer Discretionary,sector_outperformance_vs_spy_gt_1pct,21,full_drop_fund,full,drop,all,False,,,sector_technical+spy_technical+relative_technical+history_lags+macro_numeric+regime_tags+calendar,157,1539,132,99,22,77,base,extra_trees_depthNone_leaf15,0.6918223786855252,0.6666666666666666,0.5745192307692308,157,active_daily_return|cal_dayofweek_0|cal_dayofweek_1|cal_dayofweek_2|cal_dayofweek_3|cal_dayofweek_4|cal_month_1|cal_month_10|cal_month_11|cal_month_12|cal_month_2|cal_month_3|cal_month_4|cal_month_5|cal_month_6|cal_month_7|cal_month_8|cal_month_9|cal_quarter_1|cal_quarter_2|cal_quarter_3|cal_quarter_4|cal_year|core_cpi_inflation_yoy|cpi_inflation_yoy|fed_funds_rate|financial_conditions_proxy_regime_Neutral Financial Conditions Proxy|financial_conditions_proxy_regime_Restrictive Financial Conditions Proxy|financial_conditions_proxy_regime_Supportive Financial Conditions Proxy|financial_conditions_proxy_regime_Very Supportive Financial Conditions Proxy|growth_momentum_regime_Accelerating Growth|growth_momentum_regime_Decelerating Growth|growth_momentum_regime_Negative Momentum|growth_momentum_regime_Stable Growth|growth_regime_Contraction|growth_regime_Expansion|growth_regime_Moderate Growth|growth_regime_Strong Expansion|inflation_momentum_regime_Disinflation|inflation_momentum_regime_Inflation Acceleration|inflation_momentum_regime_Insufficient History|inflation_momentum_regime_Rapid Disinflation|inflation_momentum_regime_Reinflation|inflation_momentum_regime_Stable Inflation|inflation_regime_Elevated Inflation|inflation_regime_Extreme Inflation|inflation_regime_High Inflation|inflation_regime_Low Inflation|inflation_regime_Normal Inflation|interest_rate_regime_Aggressive Cutting|interest_rate_regime_Aggressive Hiking|interest_rate_regime_Cutting|interest_rate_regime_Hiking|interest_rate_regime_Insufficient History|interest_rate_regime_Stable|labor_cycle_detailed_regime_Extremely Tight Labor Market / Improving|labor_cycle_detailed_regime_Extremely Tight Labor Market / Stable|labor_cycle_detailed_regime_Extremely Tight Labor Market / Weakening|labor_cycle_detailed_regime_Moderate Labor Market / Improving|labor_cycle_detailed_regime_Moderate Labor Market / Stable|labor_cycle_detailed_regime_Severe Labor Weakness / Improving|labor_cycle_detailed_regime_Severe Labor Weakness / Rapidly Weakening|labor_cycle_detailed_regime_Strong Labor Market|labor_cycle_detailed_regime_Strong Labor Market / Improving|labor_cycle_detailed_regime_Strong Labor Market / Rapidly Weakening|labor_cycle_detailed_regime_Strong Labor Market / Stable|labor_cycle_detailed_regime_Strong Labor Market / Weakening|labor_cycle_detailed_regime_Weak Labor Market / Improving|labor_market_regime_Extremely Tight Labor Market|labor_market_regime_Moderate Labor Market|labor_market_regime_Severe Labor Weakness|labor_market_regime_Strong Labor Market|labor_market_regime_Weak Labor Market|lag_active_return_10d|lag_active_return_1d|lag_active_return_2d|lag_active_return_3d|lag_active_return_5d|lag_sec_return_10d|lag_sec_return_1d|lag_sec_return_2d|lag_sec_return_3d|lag_sec_return_5d|lag_spy_return_10d|lag_spy_return_1d|lag_spy_return_2d|lag_spy_return_3d|lag_spy_return_5d|macro_regime_tag_Goldilocks / Easy Policy Expansion|macro_regime_tag_Goldilocks / Stable Expansion|macro_regime_tag_Inflationary Expansion|macro_regime_tag_Inflationary Expansion / Tightening|macro_regime_tag_Mixed / Transitional Macro Regime|macro_regime_tag_Overheating / Very High Inflation|macro_regime_tag_Recession / Contraction Risk|monetary_policy_regime_Accommodative|monetary_policy_regime_Highly Accommodative|monetary_policy_regime_Neutral|monetary_policy_regime_Restrictive|nominal_gdp|policy_cycle_regime_Accommodative Hold|policy_cycle_regime_Aggressive Easing Cycle|policy_cycle_regime_Aggressive Tightening Cycle|policy_cycle_regime_Easing Cycle|policy_cycle_regime_Neutral Policy Hold|policy_cycle_regime_Restrictive Hold|policy_cycle_regime_Tightening Cycle|real_fed_funds_rate_approx|real_gdp_growth_qoq_annualized|real_gdp_growth_yoy|rel_annualized_volatility_20d|rel_daily_return|rel_macd_12_26|rel_macd_histogram|rel_macd_signal_9|rel_momentum_10d|rel_rolling_volatility_20d|rel_rsi_14|rel_vol_ratio_20d|roll_active_mean_10d|roll_active_mean_21d|roll_active_mean_5d|roll_active_mean_63d|roll_active_std_10d|roll_active_std_21d|roll_active_std_5d|roll_active_std_63d|roll_close_ratio_return_10d|roll_close_ratio_return_21d|roll_close_ratio_return_5d|roll_close_ratio_return_63d|roll_sec_return_10d|roll_sec_return_21d|roll_sec_return_5d|roll_sec_return_63d|roll_spy_return_10d|roll_spy_return_21d|roll_spy_return_5d|roll_spy_return_63d|sec_annualized_volatility_20d|sec_daily_return|sec_macd_12_26|sec_macd_histogram|sec_macd_signal_9|sec_momentum_10d|sec_rolling_volatility_20d|sec_rsi_14|sector_spy_close_ratio|spy_annualized_volatility_20d|spy_daily_return|spy_macd_12_26|spy_macd_histogram|spy_macd_signal_9|spy_momentum_10d|spy_rolling_volatility_20d|spy_rsi_14|unemployment_rate,0.7676767676767676,0.7857142857142858,0.8659976387249114,0.6101694915254238,0.4864864864864865,0.8181818181818182,0.813878537249477,,,
