prediction_date,ticker,sector,horizon_days,ensemble_model,scenario,feature_profile,selected_feature_count,threshold,latest_outperformance_probability,latest_predicts_outperformance_gt_1pct,validation_accuracy_rolling,base_model_probabilities,realized_positive_label_if_known,action_signal,signal_edge,quality_score,quality_adjusted_edge_score,signal_basis
2025-10-01,XLB,Materials,21,ensemble_equal_extra_trees_pair,recent2_keep_engineered,macro_numeric+regime_tags,74,0.7209868067291052,0.5814250657004711,0,0.8290598290598291,extra_trees_depth5_leaf10:0.571548|extra_trees_depthNone_leaf15:0.591302,,AVOID,-0.13956174102863406,0.8290598290598291,0.0,BUY means the model predicts >1% 21-trading-day active return versus SPY. It is not an absolute positive-return guarantee.
2025-10-01,XLE,Energy,21,ensemble_equal_logit_et_hgb,recent3_price_engineered_top30,sector_technical+spy_technical+relative_technical+history_lags+calendar+engineered_price,30,0.35289102928299076,0.9349185254045096,1,0.7936507936507936,logistic_l2_C0.2:0.998625|extra_trees_depth5_leaf10:0.817329|hist_gb_lr0.06_leaf15_l20.1:0.988802,,BUY,0.5820274961215188,0.7936507936507936,0.46192658422342764,BUY means the model predicts >1% 21-trading-day active return versus SPY. It is not an absolute positive-return guarantee.
2025-10-01,XLF,Financials,21,ensemble_aucw_all_base,recent2_keep_engineered,sector_technical+spy_technical+relative_technical+history_lags,62,0.9875277580495007,0.30663620752987425,0,0.6347826086956522,logistic_l2_C0.2:0.356206|logistic_l2_C5:0.007492|extra_trees_depth5_leaf10:0.596503|extra_trees_depthNone_leaf15:0.523320|hist_gb_lr0.06_leaf15_l20.1:0.990817,,AVOID,-0.6808915505196265,0.6347826086956522,0.0,BUY means the model predicts >1% 21-trading-day active return versus SPY. It is not an absolute positive-return guarantee.
2025-10-01,XLI,Industrials,21,ensemble_aucw_all_base,recent3_price_engineered_top30,sector_technical+spy_technical+relative_technical+history_lags+calendar+engineered_price,30,0.2714887685088902,0.526802006819219,1,0.7117117117117117,logistic_l2_C0.2:0.663152|logistic_l2_C5:0.329452|extra_trees_depth5_leaf10:0.599214|extra_trees_depthNone_leaf15:0.631325|hist_gb_lr0.06_leaf15_l20.1:0.691948,,BUY,0.25531323831032876,0.7117117117117117,0.18170942186050423,BUY means the model predicts >1% 21-trading-day active return versus SPY. It is not an absolute positive-return guarantee.
2025-10-01,XLK,Information Technology,21,ensemble_aucw_logit_et_hgb,recent2_keep_engineered,macro_numeric,8,0.31869488695168185,0.4612696400009771,1,0.7142857142857143,logistic_l2_C0.2:0.979745|extra_trees_depth5_leaf10:0.343409|hist_gb_lr0.06_leaf15_l20.1:0.260101,,BUY,0.14257475304929523,0.7142857142857143,0.10183910932092517,BUY means the model predicts >1% 21-trading-day active return versus SPY. It is not an absolute positive-return guarantee.
2025-10-01,XLP,Consumer Staples,21,ensemble_equal_logit_et_hgb,full_keep,macro_numeric+regime_tags,74,0.7368086914727303,0.2873827545046656,0,0.8823529411764706,logistic_l2_C0.2:0.239022|extra_trees_depth5_leaf10:0.460677|hist_gb_lr0.06_leaf15_l20.1:0.162449,,AVOID,-0.4494259369680647,0.8823529411764706,0.0,BUY means the model predicts >1% 21-trading-day active return versus SPY. It is not an absolute positive-return guarantee.
2025-10-01,XLU,Utilities,21,ensemble_equal_extra_trees_pair,full_drop_fund,sector_technical+spy_technical+relative_technical+history_lags+macro_numeric+regime_tags+calendar,158,0.5583689267552246,0.46148370239650804,0,0.7272727272727273,extra_trees_depth5_leaf10:0.469334|extra_trees_depthNone_leaf15:0.453633,,AVOID,-0.0968852243587166,0.7272727272727273,0.0,BUY means the model predicts >1% 21-trading-day active return versus SPY. It is not an absolute positive-return guarantee.
2025-10-01,XLV,Health Care,21,ensemble_aucw_all_base,recent3_keep_engineered,sector_technical+spy_technical+relative_technical+history_lags+macro_numeric+sector_fundamentals+regime_tags+calendar+engineered_price,190,0.4450093509603464,0.7412901168807754,1,0.7175572519083969,logistic_l2_C0.2:0.535769|logistic_l2_C5:0.999653|extra_trees_depth5_leaf10:0.558944|extra_trees_depthNone_leaf15:0.526225|hist_gb_lr0.06_leaf15_l20.1:0.989374,,BUY,0.296280765920429,0.7175572519083969,0.21259841218717807,BUY means the model predicts >1% 21-trading-day active return versus SPY. It is not an absolute positive-return guarantee.
2025-10-01,XLY,Consumer Discretionary,21,ensemble_equal_extra_trees_pair,full_drop_fund,sector_technical+spy_technical+relative_technical+history_lags+macro_numeric+regime_tags+calendar,158,0.5452803309371972,0.5800122309907938,1,0.7523809523809524,extra_trees_depth5_leaf10:0.513980|extra_trees_depthNone_leaf15:0.646045,,BUY,0.03473190005359661,0.7523809523809524,0.026131620040325067,BUY means the model predicts >1% 21-trading-day active return versus SPY. It is not an absolute positive-return guarantee.
2025-10-30,XLB,Materials,21,ensemble_equal_extra_trees_pair,recent2_keep_engineered,macro_numeric+regime_tags,74,0.9096843207596228,0.5678827622300611,0,0.8861788617886179,extra_trees_depth5_leaf10:0.597817|extra_trees_depthNone_leaf15:0.537949,,AVOID,-0.34180155852956173,0.8861788617886179,0.0,BUY means the model predicts >1% 21-trading-day active return versus SPY. It is not an absolute positive-return guarantee.
2025-10-30,XLE,Energy,21,ensemble_equal_logit_et_hgb,recent3_price_engineered_top30,sector_technical+spy_technical+relative_technical+history_lags+calendar+engineered_price,30,0.9612305291189893,0.3953982608621479,0,0.7293233082706767,logistic_l2_C0.2:0.440594|extra_trees_depth5_leaf10:0.641770|hist_gb_lr0.06_leaf15_l20.1:0.103831,,AVOID,-0.5658322682568414,0.7293233082706767,0.0,BUY means the model predicts >1% 21-trading-day active return versus SPY. It is not an absolute positive-return guarantee.
2025-10-30,XLF,Financials,21,ensemble_aucw_all_base,recent2_keep_engineered,sector_technical+spy_technical+relative_technical+history_lags,62,0.996348403853383,0.9614024419893283,0,0.7642276422764228,logistic_l2_C0.2:0.708019|logistic_l2_C5:0.966902|extra_trees_depth5_leaf10:0.618613|extra_trees_depthNone_leaf15:0.518626|hist_gb_lr0.06_leaf15_l20.1:0.948823,,WATCH,-0.03494596186405463,0.7642276422764228,0.0,BUY means the model predicts >1% 21-trading-day active return versus SPY. It is not an absolute positive-return guarantee.
2025-10-30,XLI,Industrials,21,ensemble_aucw_all_base,recent3_price_engineered_top30,sector_technical+spy_technical+relative_technical+history_lags+calendar+engineered_price,30,0.28044392277236635,0.9315427459683344,1,0.6857142857142857,logistic_l2_C0.2:0.964987|logistic_l2_C5:0.982553|extra_trees_depth5_leaf10:0.817996|extra_trees_depthNone_leaf15:0.791576|hist_gb_lr0.06_leaf15_l20.1:0.985659,,BUY,0.651098823195968,0.6857142857142857,0.44646776447723524,BUY means the model predicts >1% 21-trading-day active return versus SPY. It is not an absolute positive-return guarantee.
2025-10-30,XLK,Information Technology,21,ensemble_aucw_logit_et_hgb,recent2_keep_engineered,macro_numeric,8,0.13550495075849595,0.38183209734550094,1,0.8814814814814815,logistic_l2_C0.2:0.958127|extra_trees_depth5_leaf10:0.266862|hist_gb_lr0.06_leaf15_l20.1:0.158230,,BUY,0.246327146587005,0.8814814814814815,0.21713281810261922,BUY means the model predicts >1% 21-trading-day active return versus SPY. It is not an absolute positive-return guarantee.
2025-10-30,XLP,Consumer Staples,21,ensemble_equal_logit_et_hgb,full_keep,macro_numeric+regime_tags,74,0.8258988735246412,0.31249123847992955,0,0.9699248120300752,logistic_l2_C0.2:0.233155|extra_trees_depth5_leaf10:0.426260|hist_gb_lr0.06_leaf15_l20.1:0.278059,,AVOID,-0.5134076350447117,0.9699248120300752,0.0,BUY means the model predicts >1% 21-trading-day active return versus SPY. It is not an absolute positive-return guarantee.
2025-10-30,XLU,Utilities,21,ensemble_equal_extra_trees_pair,full_drop_fund,sector_technical+spy_technical+relative_technical+history_lags+macro_numeric+regime_tags+calendar,158,0.6350311751486213,0.4277980479635163,0,0.8294573643410853,extra_trees_depth5_leaf10:0.457691|extra_trees_depthNone_leaf15:0.397905,,AVOID,-0.207233127185105,0.8294573643410853,0.0,BUY means the model predicts >1% 21-trading-day active return versus SPY. It is not an absolute positive-return guarantee.
2025-10-30,XLV,Health Care,21,ensemble_aucw_all_base,recent3_keep_engineered,sector_technical+spy_technical+relative_technical+history_lags+macro_numeric+sector_fundamentals+regime_tags+calendar+engineered_price,190,0.9276002169408559,0.6092702889456447,0,0.8372093023255814,logistic_l2_C0.2:0.929106|logistic_l2_C5:0.999999|extra_trees_depth5_leaf10:0.406523|extra_trees_depthNone_leaf15:0.434015|hist_gb_lr0.06_leaf15_l20.1:0.568500,,AVOID,-0.3183299279952112,0.8372093023255814,0.0,BUY means the model predicts >1% 21-trading-day active return versus SPY. It is not an absolute positive-return guarantee.
2025-10-30,XLY,Consumer Discretionary,21,ensemble_equal_extra_trees_pair,full_drop_fund,sector_technical+spy_technical+relative_technical+history_lags+macro_numeric+regime_tags+calendar,158,0.5215104476903482,0.5765185827586143,1,0.7403846153846154,extra_trees_depth5_leaf10:0.515652|extra_trees_depthNone_leaf15:0.637385,,BUY,0.055008135068266184,0.7403846153846154,0.040727176925543236,BUY means the model predicts >1% 21-trading-day active return versus SPY. It is not an absolute positive-return guarantee.
2025-12-01,XLB,Materials,21,ensemble_equal_extra_trees_pair,recent2_keep_engineered,macro_numeric+regime_tags,74,0.689884287448793,0.7090068058726796,1,0.8870967741935484,extra_trees_depth5_leaf10:0.713149|extra_trees_depthNone_leaf15:0.704865,,BUY,0.01912251842388657,0.8870967741935484,0.01696352440828647,BUY means the model predicts >1% 21-trading-day active return versus SPY. It is not an absolute positive-return guarantee.
2025-12-01,XLE,Energy,21,ensemble_equal_logit_et_hgb,recent3_price_engineered_top30,sector_technical+spy_technical+relative_technical+history_lags+calendar+engineered_price,30,0.9509660456480883,0.16047533346723405,0,0.6946564885496184,logistic_l2_C0.2:0.052776|extra_trees_depth5_leaf10:0.298281|hist_gb_lr0.06_leaf15_l20.1:0.130368,,AVOID,-0.7904907121808542,0.6946564885496184,0.0,BUY means the model predicts >1% 21-trading-day active return versus SPY. It is not an absolute positive-return guarantee.
2025-12-01,XLF,Financials,21,ensemble_aucw_all_base,recent2_keep_engineered,sector_technical+spy_technical+relative_technical+history_lags,62,0.9980836218221816,0.9880860354190975,0,0.905982905982906,logistic_l2_C0.2:0.847557|logistic_l2_C5:0.986904|extra_trees_depth5_leaf10:0.520046|extra_trees_depthNone_leaf15:0.486018|hist_gb_lr0.06_leaf15_l20.1:0.990789,,WATCH,-0.009997586403084124,0.905982905982906,0.0,BUY means the model predicts >1% 21-trading-day active return versus SPY. It is not an absolute positive-return guarantee.
2025-12-01,XLI,Industrials,21,ensemble_aucw_all_base,recent3_price_engineered_top30,sector_technical+spy_technical+relative_technical+history_lags+calendar+engineered_price,30,0.5790891017555388,0.9476478494802896,1,0.8679245283018868,logistic_l2_C0.2:0.993007|logistic_l2_C5:0.999992|extra_trees_depth5_leaf10:0.806594|extra_trees_depthNone_leaf15:0.799477|hist_gb_lr0.06_leaf15_l20.1:0.998373,,BUY,0.3685587477247507,0.8679245283018868,0.3198811772705384,BUY means the model predicts >1% 21-trading-day active return versus SPY. It is not an absolute positive-return guarantee.
2025-12-01,XLK,Information Technology,21,ensemble_aucw_logit_et_hgb,recent2_keep_engineered,macro_numeric,8,0.021787496904081754,0.07786353568124398,1,0.8153846153846154,logistic_l2_C0.2:0.251888|extra_trees_depth5_leaf10:0.102166|hist_gb_lr0.06_leaf15_l20.1:0.010342,,BUY,0.05607603877716222,0.8153846153846154,0.04572353931060919,BUY means the model predicts >1% 21-trading-day active return versus SPY. It is not an absolute positive-return guarantee.
2025-12-01,XLP,Consumer Staples,21,ensemble_equal_logit_et_hgb,full_keep,macro_numeric+regime_tags,74,0.91802539554204,0.8410892098366313,0,0.9548872180451128,logistic_l2_C0.2:0.903146|extra_trees_depth5_leaf10:0.722671|hist_gb_lr0.06_leaf15_l20.1:0.897450,,AVOID,-0.07693618570540872,0.9548872180451128,0.0,BUY means the model predicts >1% 21-trading-day active return versus SPY. It is not an absolute positive-return guarantee.
2025-12-01,XLU,Utilities,21,ensemble_equal_extra_trees_pair,full_drop_fund,sector_technical+spy_technical+relative_technical+history_lags+macro_numeric+regime_tags+calendar,158,0.7540107097439469,0.6627492526569915,0,0.8225806451612904,extra_trees_depth5_leaf10:0.652705|extra_trees_depthNone_leaf15:0.672794,,AVOID,-0.09126145708695543,0.8225806451612904,0.0,BUY means the model predicts >1% 21-trading-day active return versus SPY. It is not an absolute positive-return guarantee.
2025-12-01,XLV,Health Care,21,ensemble_aucw_all_base,recent3_keep_engineered,sector_technical+spy_technical+relative_technical+history_lags+macro_numeric+sector_fundamentals+regime_tags+calendar+engineered_price,190,0.9152833521255753,0.5927384464931166,0,0.7894736842105263,logistic_l2_C0.2:0.250309|logistic_l2_C5:0.016736|extra_trees_depth5_leaf10:0.701848|extra_trees_depthNone_leaf15:0.667120|hist_gb_lr0.06_leaf15_l20.1:0.839524,,AVOID,-0.32254490563245874,0.7894736842105263,0.0,BUY means the model predicts >1% 21-trading-day active return versus SPY. It is not an absolute positive-return guarantee.
2025-12-01,XLY,Consumer Discretionary,21,ensemble_equal_extra_trees_pair,full_drop_fund,sector_technical+spy_technical+relative_technical+history_lags+macro_numeric+regime_tags+calendar,158,0.5174829094977298,0.4713533055573959,0,0.6666666666666666,extra_trees_depth5_leaf10:0.462572|extra_trees_depthNone_leaf15:0.480135,,WATCH,-0.046129603940333885,0.6666666666666666,0.0,BUY means the model predicts >1% 21-trading-day active return versus SPY. It is not an absolute positive-return guarantee.
2025-12-31,XLB,Materials,21,ensemble_equal_extra_trees_pair,recent2_keep_engineered,macro_numeric+regime_tags,74,0.6360448758031498,0.668465544883645,1,0.752,extra_trees_depth5_leaf10:0.648890|extra_trees_depthNone_leaf15:0.688041,,BUY,0.032420669080495124,0.752,0.024380343148532335,BUY means the model predicts >1% 21-trading-day active return versus SPY. It is not an absolute positive-return guarantee.
2025-12-31,XLE,Energy,21,ensemble_equal_logit_et_hgb,recent3_price_engineered_top30,sector_technical+spy_technical+relative_technical+history_lags+calendar+engineered_price,30,0.9613898124313137,0.42840104310710164,0,0.640625,logistic_l2_C0.2:0.346424|extra_trees_depth5_leaf10:0.499701|hist_gb_lr0.06_leaf15_l20.1:0.439078,,AVOID,-0.5329887693242121,0.640625,0.0,BUY means the model predicts >1% 21-trading-day active return versus SPY. It is not an absolute positive-return guarantee.
2025-12-31,XLF,Financials,21,ensemble_aucw_all_base,recent2_keep_engineered,sector_technical+spy_technical+relative_technical+history_lags,62,0.9928634519885914,0.6568200626247965,0,0.825,logistic_l2_C0.2:0.726549|logistic_l2_C5:0.511998|extra_trees_depth5_leaf10:0.426675|extra_trees_depthNone_leaf15:0.427269|hist_gb_lr0.06_leaf15_l20.1:0.988046,,AVOID,-0.33604338936379485,0.825,0.0,BUY means the model predicts >1% 21-trading-day active return versus SPY. It is not an absolute positive-return guarantee.
2025-12-31,XLI,Industrials,21,ensemble_aucw_all_base,recent3_price_engineered_top30,sector_technical+spy_technical+relative_technical+history_lags+calendar+engineered_price,30,0.6508825853593456,0.8289920489175252,1,0.8773584905660378,logistic_l2_C0.2:0.903492|logistic_l2_C5:0.982579|extra_trees_depth5_leaf10:0.497873|extra_trees_depthNone_leaf15:0.483172|hist_gb_lr0.06_leaf15_l20.1:0.929261,,BUY,0.17810946355817958,0.8773584905660378,0.15626585010293115,BUY means the model predicts >1% 21-trading-day active return versus SPY. It is not an absolute positive-return guarantee.
2025-12-31,XLK,Information Technology,21,ensemble_aucw_logit_et_hgb,recent2_keep_engineered,macro_numeric,8,0.27335802376956375,0.7869260950052579,1,0.7777777777777778,logistic_l2_C0.2:0.540886|extra_trees_depth5_leaf10:0.553815|hist_gb_lr0.06_leaf15_l20.1:0.882390,,BUY,0.5135680712356941,0.7777777777777778,0.39944183318331766,BUY means the model predicts >1% 21-trading-day active return versus SPY. It is not an absolute positive-return guarantee.
2025-12-31,XLP,Consumer Staples,21,ensemble_equal_logit_et_hgb,full_keep,macro_numeric+regime_tags,74,0.7617197028870557,0.8502241093846229,1,0.9083969465648855,logistic_l2_C0.2:0.927792|extra_trees_depth5_leaf10:0.719951|hist_gb_lr0.06_leaf15_l20.1:0.902929,,BUY,0.08850440649756719,0.9083969465648855,0.08039713261992744,BUY means the model predicts >1% 21-trading-day active return versus SPY. It is not an absolute positive-return guarantee.
2025-12-31,XLU,Utilities,21,ensemble_equal_extra_trees_pair,full_drop_fund,sector_technical+spy_technical+relative_technical+history_lags+macro_numeric+regime_tags+calendar,158,0.7478965648622372,0.6720228642876573,0,0.8346456692913385,extra_trees_depth5_leaf10:0.625620|extra_trees_depthNone_leaf15:0.718425,,AVOID,-0.07587370057457987,0.8346456692913385,0.0,BUY means the model predicts >1% 21-trading-day active return versus SPY. It is not an absolute positive-return guarantee.
2025-12-31,XLV,Health Care,21,ensemble_aucw_all_base,recent3_keep_engineered,sector_technical+spy_technical+relative_technical+history_lags+macro_numeric+sector_fundamentals+regime_tags+calendar+engineered_price,190,0.39799783670748,0.42606897395637955,1,0.7578125,logistic_l2_C0.2:0.003926|logistic_l2_C5:0.000000|extra_trees_depth5_leaf10:0.573684|extra_trees_depthNone_leaf15:0.531169|hist_gb_lr0.06_leaf15_l20.1:0.605472,,BUY,0.028071137248899536,0.7578125,0.02127265869643168,BUY means the model predicts >1% 21-trading-day active return versus SPY. It is not an absolute positive-return guarantee.
2025-12-31,XLY,Consumer Discretionary,21,ensemble_equal_extra_trees_pair,full_drop_fund,sector_technical+spy_technical+relative_technical+history_lags+macro_numeric+regime_tags+calendar,158,0.579577635434004,0.45701772095420456,0,0.6666666666666666,extra_trees_depth5_leaf10:0.447678|extra_trees_depthNone_leaf15:0.466357,,AVOID,-0.12255991447979941,0.6666666666666666,0.0,BUY means the model predicts >1% 21-trading-day active return versus SPY. It is not an absolute positive-return guarantee.
