asset,target_weight,final_weight_after_trade_controls,recommended_trade_weight,action_signal,latest_outperformance_probability,threshold,quality_adjusted_edge_score,test_accuracy,test_auc
XLB,0.21817734836504013,0.1006972377069416,0.1006972377069416,BUY,0.7051048250753874,0.1048408746708794,0.30305685801672505,0.44047619047619047,0.4903846153846154
XLE,0.0,0.0,0.0,BUY,0.5560580483961689,0.5191865424704979,0.02271381278618676,0.6111111111111112,0.6117918778469236
XLF,0.2999999999999999,0.13846153846153839,0.13846153846153839,BUY,0.9549170875376772,0.6745524302770334,0.16721021510243267,0.5595238095238095,0.5823401162790697
XLI,0.0,0.0,0.0,BUY,0.8888835743687664,0.7421163261876054,0.0722497169278727,0.6507936507936508,0.4503187361419068
XLK,0.13182265163495996,0.06084122383151998,0.06084122383151998,BUY,0.5941384188082915,0.25779056967374525,0.232777828101288,0.6349206349206349,0.7144769284959493
XLP,0.0,0.0,0.0,AVOID,0.18643237283064337,0.30481680893126883,0.0,0.3611111111111111,0.5146115466856735
XLU,0.0,0.0,0.0,AVOID,0.6957502911449116,0.7835151728384498,0.0,0.7936507936507936,0.7405829444782578
XLV,0.0,0.0,0.0,AVOID,0.47829701757803245,0.8691056817711322,0.0,0.626984126984127,0.6290952620967742
XLY,0.0,0.0,0.0,BUY,0.6695199608445174,0.5276721528479111,0.07365663506633809,0.4603174603174603,0.4676604757249919
SPY,0.35,0.7000000000000001,-0.29999999999999993,DEFENSIVE,,,,,
CASH,0.0,0.0,0.0,DEFENSIVE,,,,,
